Contig id	carbapenem_flag	cephalosporin_flag
CP023201.1	NO	NO
CP028310.1	NO	NO
ED1a_outgroup_genome	NO	NO
ESC_AA8584AA_AS	NO	YES
ESC_AA9102AA_AS	NO	YES
ESC_AA9624AA_AS	NO	YES
ESC_AB1619AA_AS	YES	YES
ESC_AC1490AA_AS	YES	YES
ESC_AC1589AA_AS	YES	YES
ESC_AC2968AA_AS	YES	YES
ESC_AC2970AA_AS	YES	YES
ESC_AC2972AA_AS	YES	YES
ESC_AC2973AA_AS	YES	YES
ESC_AC2974AA_AS	YES	YES
ESC_AC2975AA_AS	YES	YES
ESC_AC2976AA_AS	YES	YES
ESC_AC2977AA_AS	YES	YES
ESC_AC3364AA_AS	YES	YES
ESC_AC3394AA_AS	YES	NO
ESC_AC3397AA_AS	YES	YES
ESC_AC3398AA_AS	NO	NO
ESC_AC3400AA_AS	YES	YES
ESC_AC3402AA_AS	YES	YES
ESC_AC3403AA_AS	YES	YES
ESC_AC3563AA_AS	YES	YES
ESC_AC3609AA_AS	NO	YES
ESC_AC3624AA_AS	YES	YES
ESC_AC4063AA_AS	YES	YES
ESC_AC4156AA_AS	YES	YES
ESC_AC4160AA_AS	YES	YES
ESC_AC4162AA_AS	YES	YES
ESC_AC4164AA_AS	YES	YES
ESC_AC4184AA_AS	YES	YES
ESC_AC4191AA_AS	YES	YES
ESC_AC4196AA_AS	YES	YES
ESC_AC4497AA_AS	NO	NO
ESC_AC4725AA_AS	NO	YES
ESC_AC4758AA_AS	YES	YES
ESC_AC5142AA_AS	NO	YES
ESC_AC5146AA_AS	NO	YES
ESC_AC5148AA_AS	NO	YES
ESC_AC5542AA_AS	YES	YES
ESC_AC5544AA_AS	YES	YES
ESC_AC5548AA_AS	YES	YES
ESC_AC5551AA_AS	YES	YES
ESC_AC5552AA_AS	YES	YES
ESC_AC5654AA_AS	NO	YES
ESC_AC5891AA_AS	YES	YES
ESC_AC5893AA_AS	YES	YES
ESC_AC6613AA_AS	NO	YES
ESC_AC9532AA_AS	YES	NO
ESC_BA1564AA_AS	NO	NO
ESC_BA1845AA_AS	NO	YES
ESC_BA4333AA_AS	NO	NO
ESC_BB0592AA_AS	YES	YES
ESC_BB0595AA_AS	NO	YES
ESC_BB2706AA_AS	NO	YES
ESC_BB9302AA_AS	YES	YES
ESC_BC0734AA_AS	NO	YES
ESC_BC5190AA_AS	YES	YES
ESC_BC5485AA_AS	YES	YES
ESC_BC6418AA_AS	YES	YES
ESC_BC7035AA_AS	NO	YES
ESC_BC7127AA_AS	YES	YES
ESC_BC7200AA_AS	NO	YES
ESC_BC7503AA_AS	NO	YES
ESC_BC7627AA_AS	NO	YES
ESC_BC7742AA_AS	NO	YES
ESC_BC8324AA_AS	NO	NO
ESC_BC8684AA_AS	YES	YES
ESC_BC8705AA_AS	NO	YES
ESC_BC9095AA_AS	NO	YES
ESC_BC9588AA_AS	YES	YES
ESC_CA1214AA_AS	NO	NO
ESC_CA1597AA_AS	NO	NO
ESC_CA3854AA_AS	NO	YES
ESC_CA3988AA_AS	NO	NO
ESC_CA4072AA_AS	NO	YES
ESC_CA5740AA_AS	NO	YES
ESC_CA6621AA_AS	NO	YES
ESC_CB0740AA_AS	YES	YES
ESC_CB1966AA_AS	YES	YES
ESC_CB1968AA_AS	YES	YES
ESC_CB2019AA_AS	YES	YES
ESC_CB2413AA_AS	NO	YES
ESC_CB3298AA_AS	YES	YES
ESC_CB3301AA_AS	YES	YES
ESC_CB3302AA_AS	YES	YES
ESC_CB3303AA_AS	YES	YES
ESC_CB3304AA_AS	YES	YES
ESC_CB3305AA_AS	YES	NO
ESC_CB3308AA_AS	YES	YES
ESC_CB3309AA_AS	YES	YES
ESC_CB3310AA_AS	YES	YES
ESC_CB3311AA_AS	YES	YES
ESC_CB3312AA_AS	YES	YES
ESC_CB3313AA_AS	YES	YES
ESC_CB3314AA_AS	YES	YES
ESC_CB3315AA_AS	YES	YES
ESC_CB3343AA_AS	NO	NO
ESC_CB3867AA_AS	NO	YES
ESC_CB3908AA_AS	NO	YES
ESC_CB3911AA_AS	NO	YES
ESC_CB3916AA_AS	NO	YES
ESC_CB3936AA_AS	NO	YES
ESC_CB3947AA_AS	NO	YES
ESC_CB3965AA_AS	NO	YES
ESC_CB3979AA_AS	NO	YES
ESC_CB3980AA_AS	NO	YES
ESC_CB3988AA_AS	NO	YES
ESC_CB4061AA_AS	NO	YES
ESC_CB4063AA_AS	NO	YES
ESC_CB4064AA_AS	NO	YES
ESC_CB4112AA_AS	NO	NO
ESC_CB7175AA_AS	NO	YES
ESC_CB7192AA_AS	YES	YES
ESC_CC0061AA_AS	YES	YES
ESC_CC0140AA_AS	YES	NO
ESC_CC0163AA_AS	YES	YES
ESC_CC0180AA_AS	YES	YES
ESC_CC0217AA_AS	YES	YES
ESC_CC0222AA_AS	YES	YES
ESC_CC0230AA_AS	YES	YES
ESC_CC0234AA_AS	YES	YES
ESC_CC0285AA_AS	YES	NO
ESC_CC0429AA_AS	YES	YES
ESC_CC0504AA_AS	YES	YES
ESC_CC0516AA_AS	YES	YES
ESC_CC0541AA_AS	YES	YES
ESC_CC0554AA_AS	YES	YES
ESC_CC0579AA_AS	YES	NO
ESC_CC0610AA_AS	YES	YES
ESC_CC1231AA_AS	YES	YES
ESC_CC1380AA_AS	YES	YES
ESC_CC1396AA_AS_NODE_128_length_12158_cov_7.768099	NO	NO
ESC_CC1396AA_AS_NODE_143_length_11365_cov_9.781812	NO	NO
ESC_CC1396AA_AS_NODE_145_length_11265_cov_8.140061	NO	NO
ESC_CC1396AA_AS_NODE_175_length_9797_cov_7.980662	NO	NO
ESC_CC1396AA_AS_NODE_19_length_31243_cov_9.400373	NO	NO
ESC_CC1396AA_AS_NODE_238_length_7375_cov_9.054636	NO	NO
ESC_CC1396AA_AS_NODE_349_length_4308_cov_7.906721	NO	YES
ESC_CC1396AA_AS_NODE_368_length_3744_cov_7.230578	NO	NO
ESC_CC1396AA_AS_NODE_387_length_3346_cov_5.694315	YES	NO
ESC_CC1396AA_AS_NODE_406_length_2948_cov_8.896845	NO	NO
ESC_CC1396AA_AS_NODE_44_length_22662_cov_9.521677	NO	NO
ESC_CC1396AA_AS_NODE_461_length_2206_cov_5.170755	NO	NO
ESC_CC1396AA_AS_NODE_488_length_1787_cov_6.946386	NO	NO
ESC_CC1396AA_AS_NODE_498_length_1668_cov_5.256327	NO	NO
ESC_CC1396AA_AS_NODE_661_length_919_cov_13.675505	NO	NO
ESC_CC1396AA_AS_NODE_75_length_16919_cov_8.901977	NO	NO
ESC_CC1554AA_AS	YES	YES
ESC_CC1918AA_AS	NO	YES
ESC_CC2455AA_AS	YES	YES
ESC_CC3113AA_AS	NO	YES
ESC_CC3144AA_AS	YES	YES
ESC_CC3145AA_AS	YES	YES
ESC_CC3157AA_AS	YES	YES
ESC_CC3158AA_AS	YES	YES
ESC_CC3159AA_AS	YES	YES
ESC_CC3839AA_AS	NO	YES
ESC_CC4241AA_AS	NO	YES
ESC_CC4621AA_AS	YES	YES
ESC_CC4624AA_AS	YES	NO
ESC_CC4625AA_AS	YES	YES
ESC_CC4634AA_AS	YES	YES
ESC_CC4732AA_AS	YES	YES
ESC_CC4745AA_AS	YES	YES
ESC_CC4935AA_AS	YES	YES
ESC_CC4936AA_AS	YES	YES
ESC_CC4941AA_AS	YES	YES
ESC_CC4943AA_AS	YES	YES
ESC_CC4950AA_AS	YES	YES
ESC_CC5022AA_AS	YES	YES
ESC_CC5029AA_AS	YES	YES
ESC_CC7955AA_AS	NO	YES
ESC_CC8118AA_AS	NO	YES
ESC_CC8123AA_AS	NO	YES
ESC_CC8364AA_AS	YES	YES
ESC_CC8366AA_AS	YES	YES
ESC_CC8605AA_AS	YES	YES
ESC_CC8621AA_AS	YES	YES
ESC_CC8624AA_AS	YES	YES
ESC_CC8626AA_AS	YES	YES
ESC_CC8730AA_AS	NO	YES
ESC_CC8734AA_AS	NO	YES
ESC_CC8759AA_AS	NO	YES
ESC_CC8788AA_AS	NO	YES
ESC_CC8811AA_AS	YES	YES
ESC_CC8816AA_AS	YES	YES
ESC_CC8817AA_AS	YES	YES
ESC_CC8818AA_AS_NODE_10_length_144061_cov_12.693371	NO	NO
ESC_CC8818AA_AS_NODE_11_length_139636_cov_12.790236	NO	NO
ESC_CC8818AA_AS_NODE_2_length_231053_cov_13.839958	NO	NO
ESC_CC8818AA_AS_NODE_47_length_20776_cov_26.724126	NO	YES
ESC_CC8818AA_AS_NODE_51_length_19301_cov_12.695086	NO	NO
ESC_CC8818AA_AS_NODE_61_length_10549_cov_24.158891	YES	NO
ESC_CC8818AA_AS_NODE_67_length_9379_cov_13.123681	NO	NO
ESC_CC8818AA_AS_NODE_6_length_185367_cov_10.051388	NO	NO
ESC_CC8818AA_AS_NODE_71_length_8109_cov_23.130923	NO	NO
ESC_CC8818AA_AS_NODE_83_length_4244_cov_14.179543	NO	NO
ESC_CC8824AA_AS	YES	YES
ESC_CC8825AA_AS_NODE_10_length_136726_cov_12.359720	NO	NO
ESC_CC8825AA_AS_NODE_19_length_93793_cov_10.998410	NO	NO
ESC_CC8825AA_AS_NODE_46_length_28391_cov_28.190340	NO	YES
ESC_CC8825AA_AS_NODE_4_length_231401_cov_11.604569	NO	NO
ESC_CC8825AA_AS_NODE_51_length_19406_cov_10.888544	NO	NO
ESC_CC8825AA_AS_NODE_56_length_12742_cov_22.942227	NO	NO
ESC_CC8825AA_AS_NODE_5_length_208847_cov_10.678106	NO	NO
ESC_CC8825AA_AS_NODE_61_length_9735_cov_21.168878	YES	NO
ESC_CC8825AA_AS_NODE_62_length_9378_cov_9.690925	NO	NO
ESC_CC8825AA_AS_NODE_75_length_4288_cov_19.165992	NO	NO
ESC_CC8825AA_AS_NODE_89_length_2137_cov_18.976074	NO	NO
ESC_CC8825AA_AS_NODE_90_length_1969_cov_45.754255	NO	NO
ESC_CC8829AA_AS	YES	YES
ESC_CC8834AA_AS	YES	YES
ESC_CC8909AA_AS	YES	YES
ESC_CC9059AA_AS	YES	YES
ESC_CC9066AA_AS	YES	YES
ESC_CC9357AA_AS	NO	NO
ESC_CC9756AA_AS	YES	YES
ESC_CC9962AA_AS	YES	YES
ESC_CC9964AA_AS	YES	YES
ESC_DC0183AA_AS	YES	YES
ESC_DC0373AA_AS	YES	NO
ESC_DC0374AA_AS	YES	YES
ESC_DC0376AA_AS	YES	YES
ESC_DC0462AA_AS	YES	YES
ESC_DC0699AA_AS	NO	YES
ESC_DC0709AA_AS	NO	YES
ESC_DC1329AA_AS	YES	YES
ESC_DC1549AA_AS	NO	YES
ESC_DC1694AA_AS	NO	YES
ESC_DC1817AA_AS	NO	YES
ESC_DC1866AA_AS	NO	YES
ESC_DC1902AA_AS	NO	YES
ESC_DC1983AA_AS	YES	YES
ESC_DC1990AA_AS	YES	YES
ESC_DC1992AA_AS	YES	YES
ESC_DC1996AA_AS	YES	YES
ESC_DC1998AA_AS	YES	YES
ESC_DC1999AA_AS	YES	YES
ESC_DC2007AA_AS	YES	YES
ESC_DC2008AA_AS	YES	NO
ESC_DC2011AA_AS	YES	YES
ESC_DC2015AA_AS	YES	YES
ESC_DC2023AA_AS	YES	YES
ESC_DC2024AA_AS	YES	YES
ESC_DC2025AA_AS	YES	YES
ESC_DC2031AA_AS	YES	YES
ESC_DC2032AA_AS	YES	YES
ESC_DC2034AA_AS	YES	YES
ESC_DC2035AA_AS	YES	YES
ESC_DC2039AA_AS	YES	YES
ESC_DC2044AA_AS	YES	YES
ESC_DC2051AA_AS	YES	YES
ESC_DC2052AA_AS	YES	YES
ESC_DC2066AA_AS	YES	YES
ESC_DC2067AA_AS	YES	YES
ESC_DC2070AA_AS	YES	YES
ESC_DC2081AA_AS	YES	YES
ESC_DC2088AA_AS	YES	YES
ESC_DC2089AA_AS	YES	YES
ESC_DC2090AA_AS	YES	YES
ESC_DC2091AA_AS	YES	YES
ESC_DC2092AA_AS	YES	YES
ESC_DC2344AA_AS	YES	NO
ESC_DC2513AA_AS	YES	YES
ESC_DC2531AA_AS	YES	YES
ESC_DC2534AA_AS	YES	YES
ESC_DC2535AA_AS	YES	YES
ESC_DC2600AA_AS	YES	YES
ESC_DC2601AA_AS	YES	YES
ESC_DC2628AA_AS	YES	YES
ESC_DC2672AA_AS	NO	YES
ESC_DC2694AA_AS	NO	YES
ESC_DC2714AA_AS	YES	YES
ESC_DC2715AA_AS	YES	YES
ESC_DC2716AA_AS	YES	YES
ESC_DC2717AA_AS	YES	YES
ESC_DC2925AA_AS	YES	YES
ESC_DC3293AA_AS	YES	YES
ESC_DC3295AA_AS	YES	YES
ESC_DC3359AA_AS	YES	NO
ESC_DC3391AA_AS_NODE_134_length_12047_cov_14.647689	NO	NO
ESC_DC3391AA_AS_NODE_140_length_11341_cov_16.223794	NO	NO
ESC_DC3391AA_AS_NODE_16_length_36863_cov_16.568090	NO	NO
ESC_DC3391AA_AS_NODE_170_length_9575_cov_13.879329	NO	NO
ESC_DC3391AA_AS_NODE_171_length_9528_cov_182.054642	YES	NO
ESC_DC3391AA_AS_NODE_19_length_35616_cov_15.159970	NO	NO
ESC_DC3391AA_AS_NODE_241_length_6303_cov_258.243710	NO	NO
ESC_DC3391AA_AS_NODE_279_length_5272_cov_13.054169	NO	NO
ESC_DC3391AA_AS_NODE_319_length_3882_cov_11.286319	NO	NO
ESC_DC3391AA_AS_NODE_351_length_3152_cov_11.203345	NO	NO
ESC_DC3391AA_AS_NODE_35_length_27973_cov_13.685325	NO	NO
ESC_DC3391AA_AS_NODE_394_length_2284_cov_17.434663	NO	NO
ESC_DC3391AA_AS_NODE_395_length_2278_cov_12.898391	NO	NO
ESC_DC3391AA_AS_NODE_415_length_1914_cov_6.345665	NO	NO
ESC_DC3391AA_AS_NODE_425_length_1766_cov_20.537583	NO	YES
ESC_DC3391AA_AS_NODE_447_length_1597_cov_22.513387	NO	NO
ESC_DC3391AA_AS_NODE_469_length_1331_cov_11.467427	NO	NO
ESC_DC3391AA_AS_NODE_499_length_1150_cov_11.555874	NO	NO
ESC_DC3463AA_AS	YES	YES
ESC_DC4467AA_AS	YES	NO
ESC_DC4529AA_AS	YES	NO
ESC_DC4688AA_AS	YES	NO
ESC_DC5966AA_AS	NO	YES
ESC_DC6066AA_AS	NO	YES
ESC_DC6147AA_AS	YES	YES
ESC_DC6148AA_AS	YES	YES
ESC_DC7332AA_AS	NO	YES
ESC_DC7679AA_AS	NO	YES
ESC_DC7814AA_AS	YES	YES
ESC_DC7816AA_AS	YES	YES
ESC_DC7912AA_AS	NO	YES
ESC_DC8559AA_AS	YES	YES
ESC_DC8560AA_AS	YES	YES
ESC_DC8794AA_AS	YES	YES
ESC_DC9328AA_AS	YES	YES
ESC_DC9517AA_AS	NO	YES
ESC_EB0803AA_AS	YES	YES
ESC_EB0814AA_AS	YES	YES
ESC_EB0821AA_AS	YES	YES
ESC_EB0825AA_AS	YES	YES
ESC_EB0827AA_AS	YES	YES
ESC_EB0829AA_AS	YES	YES
ESC_EB0838AA_AS	YES	YES
ESC_EB0841AA_AS	YES	YES
ESC_EB0842AA_AS	YES	YES
ESC_EB0843AA_AS	YES	YES
ESC_EB1482AA_AS	YES	YES
ESC_EB1489AA_AS	YES	YES
ESC_EB5314AA_AS	YES	YES
ESC_EB5394AA_AS	NO	NO
ESC_EB5397AA_AS	YES	YES
ESC_EB5400AA_AS	YES	YES
ESC_EB5403AA_AS	YES	NO
ESC_EB5406AA_AS	YES	YES
ESC_EB5407AA_AS	YES	YES
ESC_EB5412AA_AS	YES	YES
ESC_EB5413AA_AS	YES	YES
ESC_EB5416AA_AS	YES	YES
ESC_EC0845AA_AS	NO	NO
ESC_EC0957AA_AS	YES	YES
ESC_EC1824AA_AS	YES	YES
ESC_EC2082AA_AS	YES	YES
ESC_EC3832AA_AS	YES	YES
ESC_EC3833AA_AS	YES	YES
ESC_EC3834AA_AS	YES	YES
ESC_EC4723AA_AS	YES	YES
ESC_EC4728AA_AS	YES	YES
ESC_EC4736AA_AS	YES	NO
ESC_EC4744AA_AS	YES	YES
ESC_EC4745AA_AS	YES	YES
ESC_EC4747AA_AS	YES	YES
ESC_EC4759AA_AS	YES	YES
ESC_EC4763AA_AS	YES	YES
ESC_EC4764AA_AS	YES	YES
ESC_EC4766AA_AS	YES	NO
ESC_EC4769AA_AS	YES	YES
ESC_EC4770AA_AS	YES	YES
ESC_EC4771AA_AS	YES	YES
ESC_EC4772AA_AS	YES	YES
ESC_EC4773AA_AS	YES	YES
ESC_EC4774AA_AS	YES	YES
ESC_EC4775AA_AS	YES	YES
ESC_EC4776AA_AS	YES	YES
ESC_EC4777AA_AS	YES	NO
ESC_EC4778AA_AS	YES	YES
ESC_EC4779AA_AS	YES	YES
ESC_EC4780AA_AS	YES	YES
ESC_EC4781AA_AS	YES	YES
ESC_EC4782AA_AS	YES	YES
ESC_EC5484AA_AS	NO	YES
ESC_EC5547AA_AS	NO	YES
ESC_EC5577AA_AS	NO	YES
ESC_EC5588AA_AS	NO	YES
ESC_EC5590AA_AS	NO	YES
ESC_EC5606AA_AS	NO	YES
ESC_EC5613AA_AS	NO	YES
ESC_EC5641AA_AS	NO	YES
ESC_EC5642AA_AS	NO	YES
ESC_EC5645AA_AS	NO	YES
ESC_EC5651AA_AS	NO	YES
ESC_EC5657AA_AS	NO	YES
ESC_EC5707AA_AS	NO	YES
ESC_EC5751AA_AS	NO	YES
ESC_EC5756AA_AS	NO	YES
ESC_EC5763AA_AS	NO	YES
ESC_EC5799AA_AS	NO	YES
ESC_EC5800AA_AS	NO	YES
ESC_EC5821AA_AS	NO	YES
ESC_EC5822AA_AS	NO	YES
ESC_EC5831AA_AS	NO	YES
ESC_EC5835AA_AS	NO	YES
ESC_EC5838AA_AS	NO	YES
ESC_EC5879AA_AS	YES	YES
ESC_EC5917AA_AS	NO	YES
ESC_EC5923AA_AS	NO	YES
ESC_EC5968AA_AS	NO	YES
ESC_EC5976AA_AS	NO	YES
ESC_EC5980AA_AS	NO	YES
ESC_EC6024AA_AS	NO	YES
ESC_EC6029AA_AS	NO	YES
ESC_EC6033AA_AS	NO	YES
ESC_EC6091AA_AS	NO	YES
ESC_EC6105AA_AS	NO	YES
ESC_EC6127AA_AS	NO	YES
ESC_EC6139AA_AS	NO	YES
ESC_EC6150AA_AS_NODE_11_length_168310_cov_12.907014	NO	NO
ESC_EC6150AA_AS_NODE_131_length_1556_cov_14.228890	NO	NO
ESC_EC6150AA_AS_NODE_13_length_143510_cov_14.132397	NO	YES
ESC_EC6150AA_AS_NODE_165_length_894_cov_36.529183	NO	NO
ESC_EC6150AA_AS_NODE_47_length_19474_cov_12.120045	NO	NO
ESC_EC6150AA_AS_NODE_53_length_14001_cov_11.129053	NO	NO
ESC_EC6150AA_AS_NODE_56_length_10388_cov_14.634876	NO	NO
ESC_EC6150AA_AS_NODE_58_length_9850_cov_13.973167	NO	NO
ESC_EC6150AA_AS_NODE_63_length_8906_cov_14.223045	NO	NO
ESC_EC6150AA_AS_NODE_6_length_202707_cov_10.709962	NO	NO
ESC_EC6150AA_AS_NODE_75_length_5851_cov_24.609113	NO	NO
ESC_EC6150AA_AS_NODE_8_length_194864_cov_11.790101	NO	NO
ESC_EC6150AA_AS_NODE_94_length_3198_cov_11.532683	NO	NO
ESC_EC6157AA_AS	NO	YES
ESC_EC6192AA_AS	NO	YES
ESC_EC6196AA_AS	NO	YES
ESC_EC6197AA_AS	NO	YES
ESC_EC6210AA_AS	NO	YES
ESC_EC6712AA_AS	NO	YES
ESC_EC6745AA_AS	NO	YES
ESC_EC6764AA_AS	NO	YES
ESC_EC6774AA_AS	NO	YES
ESC_EC6811AA_AS	NO	NO
ESC_EC6875AA_AS	YES	YES
ESC_EC7404AA_AS	YES	YES
ESC_EC7414AA_AS	YES	YES
ESC_EC7419AA_AS	YES	YES
ESC_EC7421AA_AS	YES	YES
ESC_EC7423AA_AS	YES	YES
ESC_EC7427AA_AS	YES	YES
ESC_EC7428AA_AS	YES	YES
ESC_EC7443AA_AS	YES	YES
ESC_EC7449AA_AS	YES	YES
ESC_EC7462AA_AS	YES	YES
ESC_EC7467AA_AS	YES	YES
ESC_EC7474AA_AS	YES	YES
ESC_EC7488AA_AS	YES	YES
ESC_EC7504AA_AS	YES	YES
ESC_EC7512AA_AS	YES	YES
ESC_EC7517AA_AS	YES	YES
ESC_EC7548AA_AS	YES	NO
ESC_EC7846AA_AS	NO	NO
ESC_EC7929AA_AS	YES	YES
ESC_EC8472AA_AS	YES	YES
ESC_EC8933AA_AS	NO	NO
ESC_EC9116AA_AS	NO	YES
ESC_EC9169AA_AS	NO	YES
ESC_EC9208AA_AS	NO	YES
ESC_EC9491AA_AS	NO	YES
ESC_EC9502AA_AS	NO	YES
ESC_EC9536AA_AS	YES	NO
ESC_EC9537AA_AS	YES	NO
ESC_EC9539AA_AS	YES	YES
ESC_EC9541AA_AS	YES	NO
ESC_EC9544AA_AS	YES	YES
ESC_FA9662AA_AS	NO	YES
ESC_FA9692AA_AS	NO	YES
ESC_FB0875AA_AS	YES	YES
ESC_FB0880AA_AS	YES	YES
ESC_FB0888AA_AS	YES	YES
ESC_FB1306AA_AS	NO	YES
ESC_FB1309AA_AS	YES	YES
ESC_FB1310AA_AS	YES	NO
ESC_FB1313AA_AS	YES	YES
ESC_FB1317AA_AS	YES	YES
ESC_FB1318AA_AS	YES	YES
ESC_FB1319AA_AS	YES	YES
ESC_FB1333AA_AS	YES	YES
ESC_FB1337AA_AS	YES	NO
ESC_FB1367AA_AS	YES	NO
ESC_FB1368AA_AS	YES	YES
ESC_FB1369AA_AS	YES	YES
ESC_FB1370AA_AS	NO	NO
ESC_FB1371AA_AS	YES	YES
ESC_FB1398AA_AS	YES	YES
ESC_FB1405AA_AS	YES	YES
ESC_FB1406AA_AS	YES	YES
ESC_FB1426AA_AS	YES	YES
ESC_FB1428AA_AS	YES	YES
ESC_FB1589AA_AS	NO	YES
ESC_FB1650AA_AS	YES	YES
ESC_FB1651AA_AS	YES	YES
ESC_FB1970AA_AS	NO	YES
ESC_FB3096AA_AS	NO	NO
ESC_FB3610AA_AS	NO	YES
ESC_FB3835AA_AS	NO	YES
ESC_FB4755AA_AS	NO	YES
ESC_FB4811AA_AS	NO	YES
ESC_FB5047AA_AS	NO	YES
ESC_FB5376AA_AS	NO	YES
ESC_FB5560AA_AS	NO	YES
ESC_FB5758AA_AS	NO	YES
ESC_FB5846AA_AS	NO	YES
ESC_FB5874AA_AS	NO	YES
ESC_FB5911AA_AS	YES	YES
ESC_FB6517AA_AS	NO	YES
ESC_FB7739AA_AS	NO	YES
ESC_FB7845AA_AS	NO	YES
ESC_FB7884AA_AS	NO	YES
ESC_FB9392AA_AS	NO	YES
ESC_FB9445AA_AS	NO	YES
ESC_FB9647AA_AS	NO	YES
ESC_FC0050AA_AS	NO	YES
ESC_FC0340AA_AS	NO	YES
ESC_FC0341AA_AS	NO	YES
ESC_FC0959AA_AS	NO	YES
ESC_FC1958AA_AS	YES	YES
ESC_FC3328AA_AS	YES	YES
ESC_FC3329AA_AS	YES	NO
ESC_FC3333AA_AS	YES	YES
ESC_FC3894AA_AS	YES	YES
ESC_FC4167AA_AS	YES	YES
ESC_FC4333AA_AS	YES	YES
ESC_FC4334AA_AS	YES	YES
ESC_FC4376AA_AS	YES	YES
ESC_FC4404AA_AS	YES	YES
ESC_FC4410AA_AS	YES	YES
ESC_FC4415AA_AS	YES	YES
ESC_FC4418AA_AS	YES	YES
ESC_FC4420AA_AS	YES	YES
ESC_FC4430AA_AS	YES	YES
ESC_FC4615AA_AS	NO	YES
ESC_FC4621AA_AS	NO	YES
ESC_FC5302AA_AS	YES	YES
ESC_FC5634AA_AS	YES	YES
ESC_FC5636AA_AS	YES	YES
ESC_FC5639AA_AS	YES	YES
ESC_FC5640AA_AS	YES	YES
ESC_FC6191AA_AS	YES	YES
ESC_FC6760AA_AS_NODE_101_length_2504_cov_15.240342	NO	NO
ESC_FC6760AA_AS_NODE_109_length_2007_cov_8.076962	NO	NO
ESC_FC6760AA_AS_NODE_18_length_99335_cov_12.211653	NO	NO
ESC_FC6760AA_AS_NODE_30_length_62571_cov_8.213143	YES	NO
ESC_FC6760AA_AS_NODE_45_length_34054_cov_12.740775	NO	NO
ESC_FC6760AA_AS_NODE_49_length_30313_cov_13.610116	NO	NO
ESC_FC6760AA_AS_NODE_55_length_23645_cov_10.530000	NO	NO
ESC_FC6760AA_AS_NODE_68_length_11549_cov_11.051200	NO	NO
ESC_FC6760AA_AS_NODE_76_length_9562_cov_8.024167	NO	NO
ESC_FC6760AA_AS_NODE_82_length_6572_cov_9.582044	NO	NO
ESC_FC6760AA_AS_NODE_8_length_137543_cov_12.713574	NO	NO
ESC_FC6760AA_AS_NODE_92_length_5228_cov_7.515917	NO	NO
ESC_FC6760AA_AS_NODE_9_length_137069_cov_10.648857	NO	NO
ESC_FC7668AA_AS	NO	YES
ESC_FC7671AA_AS	YES	YES
ESC_FC7904AA_AS	YES	YES
ESC_FC8411AA_AS	YES	YES
ESC_GA0061AA_AS	NO	YES
ESC_GA0305AA_AS	NO	YES
ESC_GA5755AA_AS	YES	NO
ESC_GA5756AA_AS	YES	NO
ESC_GA5757AA_AS	YES	NO
ESC_GA5758AA_AS	YES	NO
ESC_GA5759AA_AS	YES	NO
ESC_GA6911AA_AS	NO	YES
ESC_GA8888AA_AS	NO	NO
ESC_GB1558AA_AS	YES	YES
ESC_GB1914AA_AS	NO	YES
ESC_GB2136AA_AS	NO	YES
ESC_GB2141AA_AS	NO	YES
ESC_GB3643AA_AS_NODE_113_length_2693_cov_3.205019	NO	NO
ESC_GB3643AA_AS_NODE_140_length_1331_cov_30.053746	NO	NO
ESC_GB3643AA_AS_NODE_146_length_1244_cov_30.429448	NO	NO
ESC_GB3643AA_AS_NODE_167_length_862_cov_11.915679	NO	NO
ESC_GB3643AA_AS_NODE_19_length_95350_cov_17.909467	NO	NO
ESC_GB3643AA_AS_NODE_27_length_74082_cov_6.003623	NO	NO
ESC_GB3643AA_AS_NODE_41_length_39513_cov_18.862776	NO	NO
ESC_GB3643AA_AS_NODE_4_length_177165_cov_15.492511	NO	NO
ESC_GB3643AA_AS_NODE_59_length_19434_cov_20.081062	NO	NO
ESC_GB3643AA_AS_NODE_68_length_11828_cov_12.126141	NO	NO
ESC_GB3643AA_AS_NODE_73_length_9575_cov_17.419764	NO	NO
ESC_GB3643AA_AS_NODE_86_length_4639_cov_9.062610	NO	NO
ESC_GB3643AA_AS_NODE_89_length_4158_cov_10.129963	NO	NO
ESC_GB3643AA_AS_NODE_95_length_3818_cov_3.273145	NO	NO
ESC_GB4188AA_AS	YES	YES
ESC_GB4191AA_AS	YES	NO
ESC_GB4195AA_AS	YES	YES
ESC_GB4202AA_AS	YES	YES
ESC_GB4203AA_AS	YES	YES
ESC_GB4204AA_AS	YES	YES
ESC_GB4209AA_AS	YES	YES
ESC_GB4212AA_AS	YES	YES
ESC_GB4216AA_AS	YES	YES
ESC_GB4225AA_AS	YES	YES
ESC_GB6461AA_AS	NO	NO
ESC_GB6566AA_AS	NO	YES
ESC_GB7097AA_AS	NO	YES
ESC_GB7098AA_AS	NO	YES
ESC_GB8817AA_AS	NO	YES
ESC_GB8818AA_AS_NODE_129_length_9979_cov_36.732237	NO	NO
ESC_GB8818AA_AS_NODE_131_length_9835_cov_44.028018	NO	NO
ESC_GB8818AA_AS_NODE_132_length_9655_cov_22.806675	NO	NO
ESC_GB8818AA_AS_NODE_148_length_7895_cov_36.570417	NO	NO
ESC_GB8818AA_AS_NODE_159_length_6905_cov_5.781647	NO	NO
ESC_GB8818AA_AS_NODE_184_length_5151_cov_26.906250	NO	NO
ESC_GB8818AA_AS_NODE_185_length_5119_cov_60.818109	NO	NO
ESC_GB8818AA_AS_NODE_193_length_4685_cov_82.870777	NO	NO
ESC_GB8818AA_AS_NODE_19_length_59170_cov_23.285978	NO	NO
ESC_GB8818AA_AS_NODE_206_length_4367_cov_9.731840	NO	NO
ESC_GB8818AA_AS_NODE_219_length_3777_cov_32.593699	NO	NO
ESC_GB8818AA_AS_NODE_222_length_3710_cov_53.238906	NO	YES
ESC_GB8818AA_AS_NODE_245_length_3168_cov_39.897073	NO	NO
ESC_GB8818AA_AS_NODE_248_length_2940_cov_58.176680	NO	NO
ESC_GB8818AA_AS_NODE_27_length_49425_cov_22.809505	NO	NO
ESC_GB8818AA_AS_NODE_376_length_1289_cov_25.963855	NO	NO
ESC_GB8818AA_AS_NODE_388_length_1176_cov_30.689228	NO	NO
ESC_GB8818AA_AS_NODE_8_length_98321_cov_23.999735	NO	NO
ESC_GB8820AA_AS	NO	YES
ESC_GB8854AA_AS	NO	YES
ESC_GB8855AA_AS	NO	YES
ESC_GB8857AA_AS	NO	YES
ESC_GB8858AA_AS	NO	YES
ESC_GB8862AA_AS_NODE_100_length_9835_cov_18.511022	NO	NO
ESC_GB8862AA_AS_NODE_121_length_6178_cov_5.664849	NO	NO
ESC_GB8862AA_AS_NODE_128_length_5929_cov_4.502585	NO	NO
ESC_GB8862AA_AS_NODE_13_length_108660_cov_13.225802	NO	NO
ESC_GB8862AA_AS_NODE_144_length_4685_cov_40.069987	NO	NO
ESC_GB8862AA_AS_NODE_156_length_4379_cov_50.039276	NO	NO
ESC_GB8862AA_AS_NODE_158_length_4367_cov_6.453302	NO	NO
ESC_GB8862AA_AS_NODE_166_length_4102_cov_15.239748	NO	NO
ESC_GB8862AA_AS_NODE_171_length_3778_cov_13.588332	NO	NO
ESC_GB8862AA_AS_NODE_180_length_3338_cov_23.552787	NO	NO
ESC_GB8862AA_AS_NODE_190_length_3167_cov_31.443092	NO	NO
ESC_GB8862AA_AS_NODE_199_length_2940_cov_50.967650	NO	NO
ESC_GB8862AA_AS_NODE_206_length_2592_cov_23.180527	NO	NO
ESC_GB8862AA_AS_NODE_215_length_2239_cov_17.059186	NO	NO
ESC_GB8862AA_AS_NODE_258_length_1763_cov_44.244499	NO	YES
ESC_GB8862AA_AS_NODE_26_length_59781_cov_14.508600	NO	NO
ESC_GB8862AA_AS_NODE_330_length_1289_cov_22.810671	NO	NO
ESC_GB8862AA_AS_NODE_55_length_27908_cov_10.014830	NO	NO
ESC_GB8862AA_AS_NODE_89_length_11567_cov_12.431731	NO	NO
ESC_GB8862AA_AS_NODE_90_length_11202_cov_21.108623	NO	NO
ESC_GB8862AA_AS_NODE_9_length_119673_cov_14.780453	NO	NO
ESC_GB9020AA_AS	NO	YES
ESC_GB9313AA_AS	NO	YES
ESC_GB9835AA_AS	YES	YES
ESC_GB9836AA_AS	YES	YES
ESC_GB9841AA_AS	YES	YES
ESC_GB9842AA_AS	YES	YES
ESC_GB9853AA_AS	NO	YES
ESC_GB9909AA_AS	NO	YES
ESC_GC0023AA_AS	YES	YES
ESC_GC0036AA_AS	YES	YES
ESC_GC0061AA_AS	YES	NO
ESC_GC0076AA_AS	YES	YES
ESC_GC0091AA_AS	YES	YES
ESC_GC0093AA_AS	YES	NO
ESC_GC0102AA_AS	YES	YES
ESC_GC0109AA_AS	YES	YES
ESC_GC0145AA_AS	YES	YES
ESC_GC0149AA_AS	YES	YES
ESC_GC0151AA_AS	YES	YES
ESC_GC0155AA_AS	YES	NO
ESC_GC0158AA_AS	YES	YES
ESC_GC0159AA_AS	YES	YES
ESC_GC0163AA_AS	YES	YES
ESC_GC0173AA_AS	YES	YES
ESC_GC0177AA_AS	YES	YES
ESC_GC0196AA_AS	YES	YES
ESC_GC0198AA_AS	YES	YES
ESC_GC0205AA_AS	YES	YES
ESC_GC0228AA_AS	NO	YES
ESC_GC0236AA_AS	YES	YES
ESC_GC0249AA_AS	YES	YES
ESC_GC0254AA_AS	YES	YES
ESC_GC0260AA_AS	YES	YES
ESC_GC0290AA_AS	YES	YES
ESC_GC1450AA_AS	NO	YES
ESC_GC1517AA_AS	NO	YES
ESC_GC1562AA_AS	NO	YES
ESC_GC1657AA_AS	NO	YES
ESC_GC1713AA_AS	NO	YES
ESC_GC1781AA_AS	NO	YES
ESC_GC1783AA_AS	NO	YES
ESC_GC1959AA_AS	YES	YES
ESC_GC1963AA_AS	YES	YES
ESC_GC2299AA_AS	YES	YES
ESC_GC2303AA_AS	YES	YES
ESC_GC2304AA_AS	YES	NO
ESC_GC2572AA_AS	NO	YES
ESC_GC2599AA_AS	YES	YES
ESC_GC2604AA_AS	NO	YES
ESC_GC2612AA_AS	YES	YES
ESC_GC2730AA_AS	NO	YES
ESC_GC2765AA_AS	NO	YES
ESC_GC2789AA_AS	NO	YES
ESC_GC2869AA_AS_NODE_10_length_168310_cov_12.906877	NO	NO
ESC_GC2869AA_AS_NODE_12_length_131711_cov_13.337204	NO	NO
ESC_GC2869AA_AS_NODE_134_length_1556_cov_14.589672	NO	NO
ESC_GC2869AA_AS_NODE_169_length_894_cov_36.918288	NO	NO
ESC_GC2869AA_AS_NODE_3_length_251821_cov_12.814782	NO	NO
ESC_GC2869AA_AS_NODE_47_length_19474_cov_12.098600	NO	NO
ESC_GC2869AA_AS_NODE_51_length_14001_cov_11.171206	NO	NO
ESC_GC2869AA_AS_NODE_53_length_12604_cov_22.677269	NO	YES
ESC_GC2869AA_AS_NODE_59_length_9850_cov_13.911381	NO	NO
ESC_GC2869AA_AS_NODE_64_length_8906_cov_14.111693	NO	NO
ESC_GC2869AA_AS_NODE_76_length_5851_cov_24.533869	NO	NO
ESC_GC2869AA_AS_NODE_7_length_202707_cov_10.725679	NO	NO
ESC_GC2869AA_AS_NODE_87_length_4353_cov_8.994563	NO	NO
ESC_GC2869AA_AS_NODE_97_length_3198_cov_11.391545	NO	NO
ESC_GC3464AA_AS	NO	YES
ESC_GC3775AA_AS	YES	NO
ESC_GC3778AA_AS	YES	YES
ESC_GC3840AA_AS	YES	YES
ESC_GC4015AA_AS	YES	YES
ESC_GC5590AA_AS	YES	YES
ESC_GC6810AA_AS	YES	YES
ESC_GC6816AA_AS	YES	YES
ESC_GC6881AA_AS	YES	YES
ESC_GC6882AA_AS	YES	YES
ESC_GC7107AA_AS	YES	NO
ESC_GC7133AA_AS_NODE_105_length_9926_cov_17.907746	YES	NO
ESC_GC7133AA_AS_NODE_106_length_9858_cov_13.199260	NO	NO
ESC_GC7133AA_AS_NODE_149_length_4334_cov_16.167340	NO	NO
ESC_GC7133AA_AS_NODE_150_length_4223_cov_17.949463	NO	NO
ESC_GC7133AA_AS_NODE_164_length_2853_cov_19.069699	NO	NO
ESC_GC7133AA_AS_NODE_23_length_59426_cov_12.154741	NO	NO
ESC_GC7133AA_AS_NODE_33_length_47058_cov_11.537832	NO	NO
ESC_GC7133AA_AS_NODE_4_length_129919_cov_10.860646	NO	NO
ESC_GC7133AA_AS_NODE_86_length_17526_cov_11.796598	NO	YES
ESC_GC7133AA_AS_NODE_96_length_12817_cov_18.594247	NO	NO
ESC_GC7133AA_AS_NODE_97_length_12280_cov_11.799803	NO	NO
ESC_GC7133AA_AS_NODE_9_length_90272_cov_47.427600	NO	NO
ESC_GC7134AA_AS	YES	YES
ESC_GC7338AA_AS	YES	YES
ESC_GC7506AA_AS	YES	YES
ESC_GC8440AA_AS	YES	YES
ESC_GC8441AA_AS	YES	YES
ESC_GC8442AA_AS	YES	YES
ESC_GC8462AA_AS	NO	YES
ESC_GC9787AA_AS	YES	YES
ESC_HA1964AA_AS	YES	YES
ESC_HA1966AA_AS	YES	YES
ESC_HA2215AA_AS	NO	NO
ESC_HA3081AA_AS	NO	YES
ESC_HA3719AA_AS	NO	NO
ESC_HA3782AA_AS	NO	YES
ESC_HA3790AA_AS	NO	YES
ESC_HA5187AA_AS	YES	YES
ESC_HA5191AA_AS	YES	NO
ESC_HA5210AA_AS	NO	YES
ESC_HA5534AA_AS	NO	YES
ESC_HA6306AA_AS	YES	YES
ESC_HA7064AA_AS	YES	YES
ESC_HA7184AA_AS	NO	YES
ESC_HA7187AA_AS	NO	NO
ESC_HA9546AA_AS	NO	YES
ESC_HA9547AA_AS	NO	YES
ESC_HA9600AA_AS	NO	YES
ESC_HA9650AA_AS	NO	YES
ESC_HA9720AA_AS	NO	YES
ESC_HB6080AA_AS	YES	YES
ESC_HB6081AA_AS	YES	YES
ESC_HB6083AA_AS	YES	YES
ESC_HB6084AA_AS	YES	YES
ESC_HB6086AA_AS	YES	YES
ESC_HB6087AA_AS	YES	YES
ESC_HB6088AA_AS	YES	YES
ESC_HB6092AA_AS	YES	YES
ESC_HB6093AA_AS	YES	NO
ESC_HB6094AA_AS	YES	YES
ESC_HB6095AA_AS	YES	YES
ESC_HB6096AA_AS	YES	YES
ESC_HB7227AA_AS	YES	YES
ESC_HB7228AA_AS	YES	YES
ESC_HB7229AA_AS	YES	YES
ESC_HB7230AA_AS	YES	YES
ESC_HB7233AA_AS	YES	YES
ESC_HB7478AA_AS	NO	YES
ESC_HC0093AA_AS	NO	YES
ESC_HC0094AA_AS	NO	YES
ESC_HC0119AA_AS	NO	YES
ESC_HC0188AA_AS	NO	YES
ESC_HC0206AA_AS	NO	YES
ESC_HC0218AA_AS	NO	YES
ESC_HC0638AA_AS	YES	YES
ESC_HC0639AA_AS	YES	YES
ESC_HC0642AA_AS	YES	YES
ESC_HC0643AA_AS	YES	YES
ESC_HC0644AA_AS	YES	YES
ESC_HC0645AA_AS	YES	YES
ESC_HC0675AA_AS	YES	YES
ESC_HC0921AA_AS	NO	YES
ESC_HC1080AA_AS	NO	YES
ESC_HC1128AA_AS	NO	YES
ESC_HC1151AA_AS	NO	YES
ESC_HC1153AA_AS	NO	YES
ESC_HC1234AA_AS	NO	YES
ESC_HC1457AA_AS	NO	YES
ESC_HC1464AA_AS	NO	NO
ESC_HC1584AA_AS	NO	NO
ESC_HC1780AA_AS	NO	YES
ESC_HC1864AA_AS	NO	YES
ESC_HC1884AA_AS	NO	YES
ESC_HC1921AA_AS	NO	YES
ESC_HC1922AA_AS	NO	YES
ESC_HC2004AA_AS	YES	YES
ESC_HC3086AA_AS	YES	NO
ESC_HC3087AA_AS	YES	NO
ESC_HC4467AA_AS	YES	YES
ESC_HC4617AA_AS	YES	YES
ESC_HC4685AA_AS	YES	YES
ESC_HC5412AA_AS	YES	NO
ESC_HC5950AA_AS_NODE_102_length_9973_cov_15.439163	NO	NO
ESC_HC5950AA_AS_NODE_152_length_2352_cov_27.138427	NO	NO
ESC_HC5950AA_AS_NODE_2_length_208735_cov_15.939087	NO	NO
ESC_HC5950AA_AS_NODE_31_length_48687_cov_15.784082	NO	NO
ESC_HC5950AA_AS_NODE_55_length_27666_cov_17.352300	NO	NO
ESC_HC5950AA_AS_NODE_76_length_19479_cov_15.180808	NO	NO
ESC_HC5950AA_AS_NODE_8_length_98858_cov_15.383628	NO	NO
ESC_HC5950AA_AS_NODE_99_length_11096_cov_24.856596	NO	NO
ESC_HC6676AA_AS	YES	YES
ESC_HC6677AA_AS	YES	YES
ESC_HC6678AA_AS	YES	YES
ESC_HC6679AA_AS	YES	YES
ESC_HC6680AA_AS	YES	YES
ESC_HC6683AA_AS	YES	YES
ESC_HC6685AA_AS	YES	YES
ESC_HC6686AA_AS	YES	YES
ESC_HC6689AA_AS	YES	YES
ESC_HC6796AA_AS	YES	YES
ESC_HC6797AA_AS	YES	YES
ESC_HC7060AA_AS	YES	NO
ESC_HC7299AA_AS	NO	YES
ESC_HC7810AA_AS	YES	YES
ESC_HC7933AA_AS	YES	YES
ESC_HC7934AA_AS	YES	YES
ESC_HC8093AA_AS	YES	YES
ESC_HC8308AA_AS	YES	NO
ESC_HC8309AA_AS	YES	YES
ESC_HC8345AA_AS	YES	YES
ESC_HC8411AA_AS	YES	YES
ESC_HC8412AA_AS	YES	YES
ESC_HC8413AA_AS	YES	YES
ESC_HC8439AA_AS	YES	YES
ESC_HC8440AA_AS	YES	YES
ESC_HC8466AA_AS	YES	YES
ESC_HC8470AA_AS	YES	YES
ESC_HC8471AA_AS	YES	YES
ESC_HC8744AA_AS	YES	NO
ESC_HC9293AA_AS	YES	YES
ESC_HC9316AA_AS	YES	NO
ESC_HC9354AA_AS	YES	YES
ESC_HC9356AA_AS	YES	YES
ESC_HC9364AA_AS	YES	YES
ESC_HC9371AA_AS	YES	YES
ESC_HC9399AA_AS	YES	YES
ESC_HC9402AA_AS	YES	YES
ESC_HC9436AA_AS	YES	NO
ESC_HC9469AA_AS	YES	NO
ESC_HC9517AA_AS	YES	YES
ESC_HC9519AA_AS	YES	YES
ESC_HC9946AA_AS	YES	NO
ESC_HC9954AA_AS	YES	YES
ESC_HC9957AA_AS	YES	YES
ESC_IA0211AA_AS	NO	YES
ESC_IA0226AA_AS	NO	YES
ESC_IA3291AA_AS	NO	YES
ESC_IA6359AA_AS	NO	YES
ESC_IA7512AA_AS	NO	YES
ESC_IA7977AA_AS	YES	YES
ESC_IA7980AA_AS	YES	YES
ESC_IA7994AA_AS	YES	YES
ESC_IA8066AA_AS	NO	NO
ESC_IA9005AA_AS	NO	YES
ESC_IA9006AA_AS	NO	YES
ESC_IA9132AA_AS	NO	YES
ESC_IA9720AA_AS	NO	YES
ESC_IA9725AA_AS	NO	YES
ESC_IA9760AA_AS	NO	YES
ESC_IA9974AA_AS	NO	YES
ESC_IB0389AA_AS	NO	YES
ESC_IB6007AA_AS	YES	YES
ESC_IB6023AA_AS	YES	YES
ESC_IB6055AA_AS	YES	YES
ESC_IB6057AA_AS	YES	YES
ESC_IB6061AA_AS	YES	YES
ESC_IB6063AA_AS	YES	YES
ESC_IB6065AA_AS	YES	YES
ESC_IB6071AA_AS	YES	YES
ESC_IB6101AA_AS	YES	YES
ESC_IB6124AA_AS	YES	YES
ESC_IB6134AA_AS	YES	YES
ESC_IB6143AA_AS	YES	YES
ESC_IB6146AA_AS	YES	YES
ESC_IB6151AA_AS	YES	YES
ESC_IB6158AA_AS	YES	YES
ESC_IB6161AA_AS	YES	YES
ESC_IB6172AA_AS	YES	YES
ESC_IB6179AA_AS	YES	YES
ESC_IB6181AA_AS	YES	NO
ESC_IB6214AA_AS	YES	YES
ESC_IB6226AA_AS	YES	YES
ESC_IB6250AA_AS	YES	YES
ESC_IB6497AA_AS	NO	YES
ESC_IB6498AA_AS	NO	YES
ESC_IB6499AA_AS	NO	YES
ESC_IB6500AA_AS	NO	YES
ESC_IB6501AA_AS	NO	YES
ESC_IB7897AA_AS	NO	NO
ESC_IB7910AA_AS	NO	NO
ESC_IC0144AA_AS	YES	YES
ESC_IC0194AA_AS	YES	YES
ESC_IC0653AA_AS	YES	YES
ESC_IC0654AA_AS	YES	NO
ESC_IC0655AA_AS	YES	YES
ESC_IC0680AA_AS	YES	NO
ESC_IC0681AA_AS	YES	YES
ESC_IC0704AA_AS	NO	YES
ESC_IC1847AA_AS_NODE_20_length_71019_cov_17.075061	NO	NO
ESC_IC1847AA_AS_NODE_36_length_46253_cov_16.156208	NO	NO
ESC_IC1847AA_AS_NODE_65_length_13947_cov_32.835597	NO	NO
ESC_IC1847AA_AS_NODE_9_length_138168_cov_17.835577	NO	NO
ESC_IC1881AA_AS	YES	YES
ESC_IC1882AA_AS	YES	YES
ESC_IC1883AA_AS	YES	YES
ESC_IC2079AA_AS	YES	YES
ESC_IC2130AA_AS	YES	YES
ESC_IC2752AA_AS	YES	YES
ESC_IC2805AA_AS	NO	YES
ESC_IC2869AA_AS	YES	YES
ESC_IC2870AA_AS	YES	NO
ESC_IC3268AA_AS	YES	YES
ESC_IC3750AA_AS	YES	YES
ESC_IC3752AA_AS	YES	YES
ESC_IC4213AA_AS	YES	NO
ESC_IC4214AA_AS	YES	YES
ESC_IC4238AA_AS	YES	YES
ESC_IC4257AA_AS	YES	YES
ESC_IC4477AA_AS	YES	NO
ESC_IC4637AA_AS	YES	YES
ESC_IC4638AA_AS	YES	YES
ESC_IC5312AA_AS	YES	YES
ESC_IC5338AA_AS	YES	YES
ESC_IC5449AA_AS	YES	YES
ESC_IC5646AA_AS	YES	YES
ESC_IC5831AA_AS	NO	YES
ESC_IC6476AA_AS	YES	YES
ESC_IC6479AA_AS	YES	YES
ESC_IC6481AA_AS	YES	YES
ESC_IC6482AA_AS	YES	NO
ESC_IC6485AA_AS	NO	YES
ESC_IC6495AA_AS	YES	YES
ESC_IC6498AA_AS	YES	YES
ESC_IC6504AA_AS	YES	YES
ESC_IC6505AA_AS	YES	YES
ESC_IC6507AA_AS	YES	YES
ESC_IC6732AA_AS	YES	NO
ESC_IC6735AA_AS	YES	NO
ESC_IC6737AA_AS	YES	YES
ESC_IC6779AA_AS	YES	YES
ESC_IC6781AA_AS	YES	YES
ESC_IC6783AA_AS	NO	NO
ESC_IC6785AA_AS	NO	NO
ESC_IC6786AA_AS	YES	NO
ESC_IC6806AA_AS	YES	YES
ESC_IC6811AA_AS	YES	NO
ESC_IC6817AA_AS	YES	YES
ESC_IC6820AA_AS	YES	YES
ESC_IC6821AA_AS	YES	YES
ESC_IC7040AA_AS	YES	YES
ESC_IC7042AA_AS	YES	YES
ESC_IC7044AA_AS	YES	YES
ESC_IC7084AA_AS	YES	YES
ESC_IC7087AA_AS	YES	YES
ESC_IC7092AA_AS	YES	NO
ESC_IC7093AA_AS	YES	YES
ESC_IC7096AA_AS	YES	YES
ESC_IC7098AA_AS	YES	YES
ESC_IC7104AA_AS	YES	YES
ESC_IC7109AA_AS	YES	NO
ESC_IC7110AA_AS	YES	YES
ESC_IC7116AA_AS	YES	NO
ESC_IC7120AA_AS	YES	YES
ESC_IC7161AA_AS	YES	YES
ESC_IC7198AA_AS	YES	YES
ESC_IC7209AA_AS	YES	YES
ESC_IC7210AA_AS	YES	YES
ESC_IC7216AA_AS	YES	YES
ESC_IC7218AA_AS	YES	YES
ESC_IC7227AA_AS	YES	YES
ESC_IC7228AA_AS	YES	YES
ESC_IC7233AA_AS	YES	YES
ESC_IC7234AA_AS	YES	YES
ESC_IC7290AA_AS	YES	YES
ESC_IC7301AA_AS	YES	YES
ESC_IC7303AA_AS_NODE_102_length_4054_cov_12.928486	NO	YES
ESC_IC7303AA_AS_NODE_104_length_4010_cov_13.902653	NO	NO
ESC_IC7303AA_AS_NODE_10_length_135343_cov_17.955346	NO	NO
ESC_IC7303AA_AS_NODE_129_length_2439_cov_10.557526	NO	YES
ESC_IC7303AA_AS_NODE_19_length_90959_cov_17.655903	NO	NO
ESC_IC7303AA_AS_NODE_4_length_203759_cov_18.727548	NO	NO
ESC_IC7303AA_AS_NODE_52_length_19482_cov_18.882304	NO	NO
ESC_IC7303AA_AS_NODE_54_length_17708_cov_18.367101	YES	NO
ESC_IC7303AA_AS_NODE_61_length_11621_cov_64.190708	NO	NO
ESC_IC7303AA_AS_NODE_63_length_11512_cov_14.391392	NO	NO
ESC_IC7303AA_AS_NODE_70_length_9972_cov_17.696191	NO	NO
ESC_IC7303AA_AS_NODE_7_length_155689_cov_19.249675	NO	NO
ESC_IC7303AA_AS_NODE_93_length_4756_cov_7.989199	NO	YES
ESC_IC7320AA_AS	YES	NO
ESC_IC7323AA_AS	YES	YES
ESC_IC7333AA_AS	YES	YES
ESC_IC7339AA_AS	YES	YES
ESC_IC7342AA_AS	YES	YES
ESC_IC7371AA_AS	NO	YES
ESC_IC7373AA_AS	YES	YES
ESC_IC7403AA_AS	YES	YES
ESC_IC7404AA_AS	YES	NO
ESC_IC7411AA_AS	YES	YES
ESC_IC8474AA_AS	YES	YES
ESC_IC8900AA_AS	YES	YES
ESC_IC9262AA_AS	YES	YES
ESC_IC9473AA_AS	YES	YES
ESC_IC9934AA_AS	YES	YES
ESC_IC9935AA_AS	YES	YES
ESC_IC9940AA_AS	YES	YES
ESC_IC9941AA_AS	YES	YES
ESC_IC9948AA_AS	YES	YES
ESC_IC9949AA_AS	YES	YES
ESC_IC9952AA_AS	YES	YES
ESC_JA0067AA_AS	NO	YES
ESC_JA0128AA_AS	NO	YES
ESC_JA0213AA_AS	NO	YES
ESC_JA0333AA_AS	NO	YES
ESC_JA0437AA_AS	NO	YES
ESC_JA0572AA_AS	NO	YES
ESC_JA0577AA_AS	NO	YES
ESC_JA5254AA_AS	NO	NO
ESC_JB5546AA_AS	NO	YES
ESC_JB5551AA_AS	NO	YES
ESC_JB8207AA_AS	NO	NO
ESC_JC0033AA_AS	YES	YES
ESC_JC0198AA_AS	NO	YES
ESC_JC0440AA_AS	YES	YES
ESC_JC0444AA_AS	YES	YES
ESC_JC0458AA_AS	YES	NO
ESC_JC0510AA_AS	YES	YES
ESC_JC0511AA_AS	YES	YES
ESC_JC0514AA_AS	YES	YES
ESC_JC0520AA_AS	YES	YES
ESC_JC0521AA_AS	YES	YES
ESC_JC0523AA_AS	YES	YES
ESC_JC1674AA_AS	YES	YES
ESC_JC1676AA_AS	YES	YES
ESC_JC1677AA_AS	YES	YES
ESC_JC1678AA_AS	YES	YES
ESC_JC2756AA_AS	YES	YES
ESC_JC3028AA_AS	YES	YES
ESC_JC3669AA_AS	YES	YES
ESC_JC4557AA_AS	YES	YES
ESC_JC4590AA_AS	NO	YES
ESC_JC4609AA_AS	NO	YES
ESC_JC4695AA_AS	YES	YES
ESC_JC4713AA_AS	YES	YES
ESC_JC5300AA_AS	YES	YES
ESC_JC5303AA_AS	YES	YES
ESC_JC5864AA_AS	NO	YES
ESC_JC5879AA_AS	YES	YES
ESC_JC6825AA_AS	NO	YES
ESC_JC6955AA_AS	YES	YES
ESC_JC7029AA_AS	YES	YES
ESC_JC7066AA_AS	YES	YES
ESC_JC7093AA_AS	NO	YES
ESC_JC7365AA_AS	YES	YES
ESC_JC7594AA_AS	YES	YES
ESC_JC7614AA_AS	YES	YES
ESC_JC7615AA_AS	YES	YES
ESC_JC7618AA_AS	YES	YES
ESC_JC7644AA_AS	YES	YES
ESC_JC7653AA_AS	YES	YES
ESC_JC8157AA_AS	YES	YES
ESC_JC8159AA_AS	YES	YES
ESC_JC8162AA_AS	YES	YES
ESC_JC8163AA_AS	YES	YES
ESC_JC8165AA_AS	YES	YES
ESC_JC8249AA_AS	YES	YES
ESC_JC8258AA_AS	YES	YES
ESC_JC8263AA_AS	YES	YES
ESC_JC8285AA_AS	YES	YES
ESC_JC8419AA_AS	YES	YES
ESC_JC8467AA_AS	YES	YES
ESC_JC8650AA_AS	YES	NO
ESC_JC8832AA_AS	NO	YES
ESC_JC8833AA_AS	NO	YES
ESC_JC8835AA_AS	NO	YES
ESC_JC8836AA_AS	NO	YES
ESC_JC8837AA_AS	NO	YES
ESC_JC8917AA_AS	NO	YES
ESC_JC8961AA_AS	NO	YES
ESC_JC8964AA_AS	YES	YES
ESC_JC8966AA_AS	YES	YES
ESC_JC9011AA_AS	YES	YES
ESC_JC9014AA_AS	YES	YES
ESC_JC9036AA_AS	YES	YES
ESC_JC9037AA_AS	YES	YES
ESC_JC9091AA_AS	YES	YES
ESC_JC9117AA_AS	YES	YES
ESC_JC9150AA_AS	YES	YES
ESC_JC9416AA_AS	YES	YES
ESC_JC9682AA_AS	YES	YES
ESC_JC9688AA_AS	YES	YES
ESC_JC9723AA_AS	YES	YES
ESC_JC9724AA_AS	YES	YES
ESC_JC9726AA_AS	YES	YES
ESC_JC9811AA_AS	YES	YES
ESC_JC9812AA_AS	YES	YES
ESC_JC9814AA_AS	YES	YES
ESC_KA1988AA_AS	NO	NO
ESC_KA4855AA_AS	NO	YES
ESC_KA7801AA_AS	YES	NO
ESC_KA7852AA_AS	NO	YES
ESC_KA9863AA_AS	YES	YES
ESC_KA9864AA_AS	YES	YES
ESC_KA9866AA_AS	YES	NO
ESC_KA9867AA_AS	YES	YES
ESC_KA9868AA_AS	YES	YES
ESC_KA9869AA_AS	YES	YES
ESC_KA9872AA_AS	YES	YES
ESC_KB4176AA_AS	YES	YES
ESC_KB4177AA_AS	YES	YES
ESC_KB4178AA_AS	YES	YES
ESC_KB4182AA_AS	YES	YES
ESC_KB4183AA_AS	YES	YES
ESC_KB4184AA_AS	YES	YES
ESC_KB4185AA_AS	YES	YES
ESC_KB9689AA_AS	NO	NO
ESC_KB9739AA_AS	YES	NO
ESC_KC0880AA_AS	YES	YES
ESC_KC0912AA_AS	YES	YES
ESC_KC0914AA_AS	YES	YES
ESC_KC0915AA_AS	YES	YES
ESC_KC0917AA_AS	YES	YES
ESC_KC0919AA_AS	YES	YES
ESC_KC0934AA_AS	NO	YES
ESC_KC1024AA_AS	NO	YES
ESC_KC1036AA_AS	NO	NO
ESC_KC1778AA_AS	YES	YES
ESC_KC1779AA_AS	YES	YES
ESC_KC1782AA_AS	YES	YES
ESC_KC1784AA_AS	YES	YES
ESC_KC1785AA_AS	YES	YES
ESC_KC1787AA_AS	YES	YES
ESC_KC1788AA_AS	YES	YES
ESC_KC1791AA_AS	YES	YES
ESC_KC1794AA_AS	YES	YES
ESC_KC1838AA_AS	YES	YES
ESC_KC1841AA_AS	YES	YES
ESC_KC1904AA_AS	YES	YES
ESC_KC1911AA_AS	YES	YES
ESC_KC2082AA_AS	YES	YES
ESC_KC2271AA_AS	NO	YES
ESC_KC2717AA_AS	YES	NO
ESC_KC2718AA_AS	YES	YES
ESC_KC2719AA_AS	YES	YES
ESC_KC2720AA_AS	YES	YES
ESC_KC2761AA_AS	YES	YES
ESC_KC2765AA_AS	YES	YES
ESC_KC2766AA_AS	YES	YES
ESC_KC2963AA_AS	YES	YES
ESC_KC3355AA_AS	YES	YES
ESC_KC3361AA_AS	YES	YES
ESC_KC3364AA_AS	YES	YES
ESC_KC3367AA_AS	YES	YES
ESC_KC3374AA_AS	YES	YES
ESC_KC3379AA_AS	YES	YES
ESC_KC3557AA_AS	YES	YES
ESC_KC3559AA_AS	YES	NO
ESC_KC4429AA_AS	YES	YES
ESC_KC4542AA_AS	YES	YES
ESC_KC4578AA_AS	YES	YES
ESC_KC4979AA_AS	YES	YES
ESC_KC5044AA_AS	YES	YES
ESC_KC5065AA_AS	YES	NO
ESC_KC5273AA_AS	NO	YES
ESC_KC5279AA_AS	NO	YES
ESC_KC5280AA_AS	NO	YES
ESC_KC5283AA_AS	NO	YES
ESC_KC5284AA_AS	NO	YES
ESC_KC5882AA_AS	YES	YES
ESC_KC5900AA_AS	YES	NO
ESC_KC5902AA_AS	YES	YES
ESC_KC5903AA_AS	YES	YES
ESC_KC6003AA_AS	YES	YES
ESC_KC6169AA_AS	NO	YES
ESC_KC6351AA_AS	YES	YES
ESC_KC6353AA_AS	YES	YES
ESC_KC6815AA_AS	NO	NO
ESC_KC7359AA_AS	NO	NO
ESC_KC8442AA_AS	NO	NO
ESC_KC9120AA_AS	YES	YES
ESC_KC9124AA_AS	YES	YES
ESC_KC9972AA_AS	YES	YES
ESC_LB0272AA_AS	NO	NO
ESC_LB0796AA_AS	NO	YES
ESC_LB1193AA_AS	NO	YES
ESC_LB2098AA_AS	YES	NO
ESC_LB2124AA_AS	YES	YES
ESC_LB2144AA_AS	YES	YES
ESC_LB2145AA_AS	YES	YES
ESC_LB2188AA_AS	NO	NO
ESC_LB2212AA_AS	YES	YES
ESC_LB2273AA_AS	YES	YES
ESC_LB2274AA_AS	YES	YES
ESC_LB2299AA_AS	YES	YES
ESC_LB2371AA_AS	YES	YES
ESC_LB2439AA_AS	YES	YES
ESC_LB2505AA_AS	YES	YES
ESC_LB2516AA_AS	YES	YES
ESC_LB3931AA_AS	NO	YES
ESC_LB4846AA_AS	NO	NO
ESC_LB5851AA_AS	NO	YES
ESC_LB6062AA_AS	NO	YES
ESC_LB7074AA_AS	YES	YES
ESC_LB7209AA_AS	YES	YES
ESC_LB7293AA_AS	YES	NO
ESC_LB8201AA_AS	YES	YES
ESC_LB8202AA_AS	YES	YES
ESC_LB8207AA_AS	YES	YES
ESC_LB8329AA_AS	NO	YES
ESC_LB9215AA_AS	YES	YES
ESC_LB9218AA_AS	YES	YES
ESC_LB9222AA_AS	YES	YES
ESC_LC0062AA_AS	YES	YES
ESC_LC0451AA_AS	YES	YES
ESC_LC0452AA_AS	YES	YES
ESC_LC0916AA_AS	YES	YES
ESC_LC1108AA_AS	YES	YES
ESC_LC1353AA_AS	YES	YES
ESC_LC1373AA_AS	YES	NO
ESC_LC1426AA_AS	YES	YES
ESC_LC2260AA_AS	YES	YES
ESC_LC2289AA_AS	YES	NO
ESC_LC2730AA_AS	NO	NO
ESC_LC2737AA_AS	NO	YES
ESC_LC3063AA_AS	NO	YES
ESC_LC3740AA_AS	YES	YES
ESC_LC3749AA_AS	YES	NO
ESC_LC3756AA_AS	YES	NO
ESC_LC3774AA_AS_NODE_182_length_10069_cov_2.129451	NO	NO
ESC_LC3774AA_AS_NODE_20_length_43770_cov_1.870105	NO	NO
ESC_LC3774AA_AS_NODE_23_length_42908_cov_2.677544	YES	NO
ESC_LC3774AA_AS_NODE_27_length_40627_cov_7.787778	NO	NO
ESC_LC3774AA_AS_NODE_342_length_2405_cov_1.543898	NO	NO
ESC_LC3774AA_AS_NODE_352_length_2185_cov_0.510690	NO	NO
ESC_LC3774AA_AS_NODE_37_length_33935_cov_1.815665	NO	NO
ESC_LC3774AA_AS_NODE_482_length_687_cov_0.492857	NO	NO
ESC_LC3774AA_AS_NODE_81_length_21516_cov_1.673384	NO	NO
ESC_LC3777AA_AS	YES	NO
ESC_LC3778AA_AS	YES	NO
ESC_LC4117AA_AS	YES	YES
ESC_LC4118AA_AS	YES	YES
ESC_LC4444AA_AS	YES	YES
ESC_LC4521AA_AS	YES	NO
ESC_LC4522AA_AS	YES	YES
ESC_LC4702AA_AS	YES	YES
ESC_LC4704AA_AS	YES	YES
ESC_LC4746AA_AS	YES	YES
ESC_LC4747AA_AS	YES	YES
ESC_LC4748AA_AS	YES	YES
ESC_LC4753AA_AS	YES	YES
ESC_LC4754AA_AS	YES	YES
ESC_LC4757AA_AS	YES	YES
ESC_LC4761AA_AS	YES	YES
ESC_LC4774AA_AS	YES	YES
ESC_LC4789AA_AS	YES	YES
ESC_LC4790AA_AS	YES	YES
ESC_LC4791AA_AS	YES	YES
ESC_LC4792AA_AS	NO	YES
ESC_LC4795AA_AS	YES	YES
ESC_LC4798AA_AS	YES	YES
ESC_LC4800AA_AS	YES	YES
ESC_LC4804AA_AS	YES	YES
ESC_LC4806AA_AS	YES	YES
ESC_LC4812AA_AS	YES	YES
ESC_LC4813AA_AS	NO	NO
ESC_LC4818AA_AS	YES	YES
ESC_LC4821AA_AS	YES	YES
ESC_LC4822AA_AS	YES	YES
ESC_LC4823AA_AS	YES	YES
ESC_LC5127AA_AS	YES	YES
ESC_LC5296AA_AS	YES	YES
ESC_LC5869AA_AS	NO	YES
ESC_LC5870AA_AS	NO	YES
ESC_LC6163AA_AS	YES	YES
ESC_LC6164AA_AS	YES	YES
ESC_LC6165AA_AS	YES	NO
ESC_LC6263AA_AS	YES	YES
ESC_LC6342AA_AS	YES	YES
ESC_LC6418AA_AS	YES	YES
ESC_LC6427AA_AS	YES	YES
ESC_LC6536AA_AS	YES	YES
ESC_LC6666AA_AS	YES	NO
ESC_LC6793AA_AS	NO	YES
ESC_LC6794AA_AS	NO	YES
ESC_LC6798AA_AS	NO	YES
ESC_LC6859AA_AS	YES	YES
ESC_LC6970AA_AS	YES	YES
ESC_LC7103AA_AS	YES	YES
ESC_LC7112AA_AS	YES	YES
ESC_LC7114AA_AS	YES	YES
ESC_LC7124AA_AS	YES	YES
ESC_LC7144AA_AS	YES	YES
ESC_LC7170AA_AS	YES	YES
ESC_LC7175AA_AS	NO	YES
ESC_LC7178AA_AS	YES	YES
ESC_LC7179AA_AS	YES	YES
ESC_LC7180AA_AS	YES	YES
ESC_LC7182AA_AS	YES	YES
ESC_LC7183AA_AS	YES	YES
ESC_LC7187AA_AS	YES	YES
ESC_LC7189AA_AS	YES	YES
ESC_LC7193AA_AS	YES	YES
ESC_LC7207AA_AS	YES	YES
ESC_LC7217AA_AS	YES	YES
ESC_LC7236AA_AS	YES	YES
ESC_LC7798AA_AS	YES	YES
ESC_LC7918AA_AS	YES	YES
ESC_LC7961AA_AS	YES	YES
ESC_LC8909AA_AS	YES	YES
ESC_LC9044AA_AS	YES	YES
ESC_LC9114AA_AS	YES	YES
ESC_LC9205AA_AS	YES	YES
ESC_LC9211AA_AS	YES	YES
ESC_MA0225AA_AS	NO	NO
ESC_MA2761AA_AS	NO	YES
ESC_MA3669AA_AS	NO	YES
ESC_MA3696AA_AS	NO	YES
ESC_MA3740AA_AS	NO	YES
ESC_MA4033AA_AS	NO	YES
ESC_MA9873AA_AS	NO	YES
ESC_MA9965AA_AS	NO	YES
ESC_MB0788AA_AS	YES	YES
ESC_MB1905AA_AS	YES	YES
ESC_MB1907AA_AS	YES	YES
ESC_MB1908AA_AS	YES	YES
ESC_MB1911AA_AS	YES	YES
ESC_MB1912AA_AS	YES	YES
ESC_MB1927AA_AS	YES	YES
ESC_MB1932AA_AS	YES	YES
ESC_MB1933AA_AS	YES	YES
ESC_MB1934AA_AS	YES	YES
ESC_MB1944AA_AS	YES	YES
ESC_MB1945AA_AS	YES	YES
ESC_MB1947AA_AS	YES	YES
ESC_MB1963AA_AS	YES	YES
ESC_MB1964AA_AS	YES	YES
ESC_MB1966AA_AS	YES	YES
ESC_MB1968AA_AS	YES	YES
ESC_MB3343AA_AS	YES	YES
ESC_MB3664AA_AS	NO	YES
ESC_MB4714AA_AS	YES	YES
ESC_MB4772AA_AS	YES	YES
ESC_MB7693AA_AS	YES	YES
ESC_MB7694AA_AS	YES	YES
ESC_MB8856AA_AS	YES	YES
ESC_MB8889AA_AS	YES	NO
ESC_MB8914AA_AS	NO	YES
ESC_MB9092AA_AS	YES	YES
ESC_MB9104AA_AS	YES	YES
ESC_MB9117AA_AS	YES	NO
ESC_MC0185AA_AS	YES	YES
ESC_MC0188AA_AS	YES	YES
ESC_MC0213AA_AS	YES	YES
ESC_MC0214AA_AS	YES	YES
ESC_MC0218AA_AS	YES	YES
ESC_MC0220AA_AS	YES	YES
ESC_MC0263AA_AS	YES	YES
ESC_MC0380AA_AS	YES	YES
ESC_MC0405AA_AS	YES	YES
ESC_MC0483AA_AS	YES	YES
ESC_MC0928AA_AS	YES	YES
ESC_MC0929AA_AS	YES	YES
ESC_MC0931AA_AS	YES	NO
ESC_MC0995AA_AS	YES	YES
ESC_MC0996AA_AS	YES	YES
ESC_MC1587AA_AS	YES	YES
ESC_MC1633AA_AS	YES	YES
ESC_MC1644AA_AS	YES	YES
ESC_MC1645AA_AS	YES	YES
ESC_MC1650AA_AS	YES	YES
ESC_MC1651AA_AS	YES	YES
ESC_MC1653AA_AS	YES	NO
ESC_MC1749AA_AS	YES	YES
ESC_MC1803AA_AS	YES	YES
ESC_MC2104AA_AS	YES	YES
ESC_MC2913AA_AS	YES	YES
ESC_MC3476AA_AS	YES	YES
ESC_MC3494AA_AS	YES	YES
ESC_MC3546AA_AS	YES	YES
ESC_MC3584AA_AS	YES	NO
ESC_MC3782AA_AS	NO	YES
ESC_MC4519AA_AS	NO	YES
ESC_MC4520AA_AS	YES	YES
ESC_MC4521AA_AS	YES	YES
ESC_MC4523AA_AS	YES	YES
ESC_MC4624AA_AS	YES	YES
ESC_MC4881AA_AS	YES	YES
ESC_MC4963AA_AS	NO	YES
ESC_MC4969AA_AS	NO	YES
ESC_MC5597AA_AS	YES	YES
ESC_MC6192AA_AS	YES	NO
ESC_MC6197AA_AS	YES	YES
ESC_MC6307AA_AS	YES	NO
ESC_MC6314AA_AS	YES	YES
ESC_MC6317AA_AS	YES	YES
ESC_MC6319AA_AS	YES	YES
ESC_MC6441AA_AS	YES	YES
ESC_MC6449AA_AS	YES	YES
ESC_MC6474AA_AS	YES	YES
ESC_MC6475AA_AS	YES	YES
ESC_MC6530AA_AS	YES	YES
ESC_MC6531AA_AS	YES	YES
ESC_MC7007AA_AS	YES	YES
ESC_MC7086AA_AS	NO	NO
ESC_MC7134AA_AS	YES	NO
ESC_MC7137AA_AS	YES	YES
ESC_MC7450AA_AS	NO	YES
ESC_MC7478AA_AS	NO	YES
ESC_MC7533AA_AS	NO	YES
ESC_MC7602AA_AS	NO	YES
ESC_MC7657AA_AS	NO	YES
ESC_MC7677AA_AS	NO	YES
ESC_MC7723AA_AS	NO	YES
ESC_MC7773AA_AS	NO	NO
ESC_MC7929AA_AS	NO	NO
ESC_MC7959AA_AS	NO	YES
ESC_MC7991AA_AS	YES	YES
ESC_MC8018AA_AS	YES	YES
ESC_MC8070AA_AS	YES	YES
ESC_MC8073AA_AS	YES	YES
ESC_MC8279AA_AS	YES	YES
ESC_MC8280AA_AS	YES	NO
ESC_MC8314AA_AS	YES	YES
ESC_MC8359AA_AS	YES	YES
ESC_MC8366AA_AS	YES	YES
ESC_MC8402AA_AS	YES	YES
ESC_MC8892AA_AS	YES	YES
ESC_MC8898AA_AS	YES	YES
ESC_MC8899AA_AS	YES	YES
ESC_MC8998AA_AS	YES	NO
ESC_MC8999AA_AS	YES	YES
ESC_MC9340AA_AS	YES	YES
ESC_MC9342AA_AS	YES	YES
ESC_NA2671AA_AS	NO	YES
ESC_NA2889AA_AS	NO	NO
ESC_NA7876AA_AS	NO	YES
ESC_NA7902AA_AS	NO	YES
ESC_NA7903AA_AS	NO	YES
ESC_NA7996AA_AS	NO	YES
ESC_NA8042AA_AS	NO	YES
ESC_NA8206AA_AS	NO	YES
ESC_NA8586AA_AS	YES	YES
ESC_NB3698AA_AS	NO	YES
ESC_NB4215AA_AS_NODE_11_length_62116_cov_10.559383	NO	NO
ESC_NB4215AA_AS_NODE_12_length_61059_cov_8.212908	NO	NO
ESC_NB4215AA_AS_NODE_147_length_9575_cov_10.036740	NO	NO
ESC_NB4215AA_AS_NODE_1_length_109618_cov_9.024910	NO	NO
ESC_NB4215AA_AS_NODE_204_length_5160_cov_6.396085	NO	YES
ESC_NB4215AA_AS_NODE_247_length_2805_cov_11.396373	NO	NO
ESC_NB4215AA_AS_NODE_327_length_1031_cov_7.602371	NO	NO
ESC_NB4215AA_AS_NODE_338_length_944_cov_17.098692	NO	NO
ESC_NB4215AA_AS_NODE_57_length_27645_cov_11.571927	NO	NO
ESC_NB4215AA_AS_NODE_77_length_20798_cov_10.788500	NO	NO
ESC_NB4235AA_AS	NO	YES
ESC_NB4251AA_AS	NO	YES
ESC_NB4357AA_AS	NO	YES
ESC_NB4372AA_AS	NO	YES
ESC_NB4381AA_AS	NO	YES
ESC_NB5311AA_AS	NO	YES
ESC_NB5948AA_AS	YES	YES
ESC_NB5989AA_AS	NO	YES
ESC_NB6057AA_AS	NO	YES
ESC_NB6748AA_AS	YES	YES
ESC_NB7740AA_AS	NO	NO
ESC_NB8219AA_AS	NO	NO
ESC_NB8797AA_AS_NODE_105_length_3737_cov_4.965461	NO	YES
ESC_NB8797AA_AS_NODE_107_length_3515_cov_4.952715	NO	NO
ESC_NB8797AA_AS_NODE_119_length_2362_cov_5.208535	NO	YES
ESC_NB8797AA_AS_NODE_130_length_2002_cov_5.653424	NO	YES
ESC_NB8797AA_AS_NODE_26_length_70383_cov_6.843244	NO	NO
ESC_NB8797AA_AS_NODE_3_length_209640_cov_6.657826	NO	NO
ESC_NB8797AA_AS_NODE_63_length_19406_cov_6.515763	NO	NO
ESC_NB8797AA_AS_NODE_79_length_9792_cov_4.988251	YES	NO
ESC_NB8797AA_AS_NODE_7_length_122163_cov_6.373208	NO	NO
ESC_NB8797AA_AS_NODE_80_length_9377_cov_6.833118	NO	NO
ESC_NB8797AA_AS_NODE_91_length_6034_cov_6.650463	NO	NO
ESC_NB8797AA_AS_NODE_9_length_115542_cov_6.622504	NO	NO
ESC_NC0022AA_AS	YES	YES
ESC_NC0023AA_AS	YES	YES
ESC_NC0026AA_AS	YES	YES
ESC_NC0031AA_AS	YES	YES
ESC_NC0078AA_AS	NO	YES
ESC_NC0083AA_AS	YES	YES
ESC_NC0184AA_AS	YES	NO
ESC_NC0185AA_AS	YES	NO
ESC_NC0186AA_AS	YES	NO
ESC_NC0188AA_AS	YES	YES
ESC_NC0950AA_AS	NO	NO
ESC_NC1368AA_AS	NO	YES
ESC_NC1396AA_AS	YES	YES
ESC_NC1399AA_AS	YES	YES
ESC_NC1405AA_AS	YES	NO
ESC_NC1566AA_AS	YES	YES
ESC_NC1567AA_AS	YES	YES
ESC_NC1598AA_AS	NO	YES
ESC_NC1654AA_AS	YES	YES
ESC_NC1655AA_AS	NO	YES
ESC_NC1656AA_AS	YES	YES
ESC_NC1702AA_AS	YES	YES
ESC_NC1703AA_AS	YES	YES
ESC_NC1704AA_AS	YES	YES
ESC_NC1750AA_AS	YES	YES
ESC_NC2131AA_AS	YES	YES
ESC_NC2192AA_AS	YES	YES
ESC_NC2222AA_AS	YES	YES
ESC_NC2470AA_AS	YES	YES
ESC_NC2471AA_AS	YES	YES
ESC_NC2473AA_AS	YES	YES
ESC_NC2580AA_AS	YES	YES
ESC_NC2667AA_AS	YES	NO
ESC_NC2742AA_AS	YES	YES
ESC_NC2748AA_AS	YES	YES
ESC_NC2752AA_AS	YES	YES
ESC_NC2756AA_AS	YES	NO
ESC_NC2758AA_AS	YES	YES
ESC_NC2759AA_AS	YES	YES
ESC_NC2763AA_AS	YES	YES
ESC_NC2792AA_AS	YES	YES
ESC_NC2793AA_AS	YES	YES
ESC_NC2905AA_AS	NO	NO
ESC_NC2919AA_AS	YES	YES
ESC_NC2920AA_AS	YES	YES
ESC_NC2921AA_AS	YES	YES
ESC_NC2928AA_AS	NO	YES
ESC_NC3353AA_AS	YES	NO
ESC_NC3542AA_AS	YES	YES
ESC_NC3543AA_AS	YES	YES
ESC_NC3544AA_AS	YES	YES
ESC_NC3851AA_AS	YES	NO
ESC_NC3882AA_AS	YES	YES
ESC_NC3946AA_AS	YES	YES
ESC_NC3947AA_AS	YES	YES
ESC_NC3950AA_AS	YES	NO
ESC_NC3951AA_AS	YES	YES
ESC_NC4002AA_AS	YES	YES
ESC_NC4027AA_AS	YES	YES
ESC_NC4042AA_AS	YES	YES
ESC_NC4061AA_AS	YES	YES
ESC_NC4080AA_AS	YES	YES
ESC_NC4081AA_AS	YES	NO
ESC_NC4085AA_AS	YES	YES
ESC_NC4088AA_AS	YES	YES
ESC_NC4089AA_AS	YES	YES
ESC_NC4094AA_AS	YES	YES
ESC_NC4096AA_AS	YES	YES
ESC_NC4104AA_AS	YES	YES
ESC_NC4162AA_AS	YES	YES
ESC_NC4163AA_AS	YES	YES
ESC_NC4356AA_AS	NO	NO
ESC_NC4357AA_AS	NO	NO
ESC_NC4365AA_AS	NO	YES
ESC_NC4369AA_AS_NODE_14_length_113685_cov_6.815363	NO	NO
ESC_NC4369AA_AS_NODE_178_length_3073_cov_9.158181	NO	NO
ESC_NC4369AA_AS_NODE_262_length_2121_cov_11.294383	NO	NO
ESC_NC4369AA_AS_NODE_272_length_2023_cov_1.411392	NO	NO
ESC_NC4369AA_AS_NODE_28_length_59390_cov_7.113950	NO	NO
ESC_NC4369AA_AS_NODE_30_length_55454_cov_6.840638	NO	NO
ESC_NC4369AA_AS_NODE_44_length_31511_cov_7.092467	NO	NO
ESC_NC4369AA_AS_NODE_59_length_16363_cov_9.189825	NO	NO
ESC_NC4369AA_AS_NODE_69_length_10328_cov_6.077345	NO	NO
ESC_NC4369AA_AS_NODE_78_length_8100_cov_6.811363	NO	YES
ESC_NC4369AA_AS_NODE_9_length_139082_cov_6.219236	NO	NO
ESC_NC4545AA_AS	NO	YES
ESC_NC4636AA_AS	YES	YES
ESC_NC4641AA_AS	NO	YES
ESC_NC4687AA_AS	YES	YES
ESC_NC4716AA_AS	NO	YES
ESC_NC4735AA_AS	NO	YES
ESC_NC4858AA_AS	NO	YES
ESC_NC4894AA_AS	NO	YES
ESC_NC4920AA_AS	NO	YES
ESC_NC4940AA_AS	NO	YES
ESC_NC5936AA_AS	YES	YES
ESC_NC5998AA_AS	YES	YES
ESC_NC5999AA_AS	YES	YES
ESC_NC6000AA_AS	YES	YES
ESC_NC6001AA_AS	YES	YES
ESC_NC6049AA_AS	YES	YES
ESC_NC6068AA_AS	YES	YES
ESC_NC6070AA_AS	YES	YES
ESC_NC6237AA_AS	YES	YES
ESC_NC6284AA_AS	NO	NO
ESC_NC6300AA_AS	YES	YES
ESC_NC6302AA_AS	YES	NO
ESC_NC6984AA_AS	YES	YES
ESC_NC7071AA_AS	YES	NO
ESC_NC7816AA_AS	YES	NO
ESC_NC7983AA_AS	YES	YES
ESC_NC7984AA_AS	YES	YES
ESC_NC8210AA_AS	YES	YES
ESC_NC8214AA_AS	YES	YES
ESC_NC8215AA_AS	YES	NO
ESC_NC8381AA_AS	YES	NO
ESC_NC8713AA_AS	YES	YES
ESC_NC8731AA_AS	YES	YES
ESC_NC8732AA_AS	YES	NO
ESC_NC8733AA_AS	YES	YES
ESC_NC9138AA_AS	YES	YES
ESC_NC9322AA_AS	YES	YES
ESC_NC9439AA_AS	NO	YES
ESC_NC9448AA_AS	YES	YES
ESC_NC9450AA_AS	YES	YES
ESC_NC9452AA_AS	YES	YES
ESC_OA0345AA_AS	YES	YES
ESC_OA0775AA_AS	NO	YES
ESC_OA1107AA_AS	YES	YES
ESC_OA1122AA_AS	YES	NO
ESC_OA1716AA_AS	YES	YES
ESC_OB3642AA_AS	YES	YES
ESC_OB3653AA_AS	NO	YES
ESC_OB3657AA_AS	YES	NO
ESC_OB3859AA_AS	YES	YES
ESC_OB3860AA_AS	YES	YES
ESC_OB3861AA_AS	YES	YES
ESC_OB3907AA_AS	YES	YES
ESC_OB4724AA_AS	YES	YES
ESC_OC0014AA_AS	YES	YES
ESC_OC0316AA_AS	NO	YES
ESC_OC0330AA_AS	NO	YES
ESC_OC0344AA_AS	NO	YES
ESC_OC0356AA_AS	NO	YES
ESC_OC0367AA_AS	NO	YES
ESC_OC0380AA_AS	NO	YES
ESC_OC0386AA_AS	NO	YES
ESC_OC0405AA_AS	YES	NO
ESC_OC0528AA_AS	YES	NO
ESC_OC0552AA_AS	NO	YES
ESC_OC0563AA_AS	YES	YES
ESC_OC0568AA_AS	YES	YES
ESC_OC0881AA_AS	YES	YES
ESC_OC0884AA_AS	YES	YES
ESC_OC1383AA_AS	YES	YES
ESC_OC1384AA_AS	YES	YES
ESC_OC1386AA_AS	YES	NO
ESC_OC1392AA_AS	YES	YES
ESC_OC1477AA_AS	YES	YES
ESC_OC2238AA_AS	YES	YES
ESC_OC2986AA_AS	YES	YES
ESC_OC3150AA_AS	YES	YES
ESC_OC3156AA_AS	YES	YES
ESC_OC3238AA_AS	YES	YES
ESC_OC3510AA_AS	YES	NO
ESC_OC3511AA_AS	YES	YES
ESC_OC3543AA_AS	YES	YES
ESC_OC3544AA_AS	YES	YES
ESC_OC3545AA_AS	YES	YES
ESC_OC3546AA_AS	YES	YES
ESC_OC3758AA_AS	YES	NO
ESC_OC3825AA_AS	YES	YES
ESC_OC4034AA_AS	NO	YES
ESC_OC4198AA_AS	YES	YES
ESC_OC4199AA_AS	YES	YES
ESC_OC4246AA_AS	NO	YES
ESC_OC4273AA_AS	YES	YES
ESC_OC4349AA_AS	YES	YES
ESC_OC4351AA_AS	YES	YES
ESC_OC4372AA_AS	YES	NO
ESC_OC4413AA_AS	NO	YES
ESC_OC4551AA_AS	YES	NO
ESC_OC4651AA_AS	YES	YES
ESC_OC4704AA_AS	NO	YES
ESC_OC4776AA_AS	YES	YES
ESC_OC4788AA_AS	YES	NO
ESC_OC5037AA_AS	YES	YES
ESC_OC5254AA_AS	NO	YES
ESC_OC5257AA_AS	YES	YES
ESC_OC5264AA_AS	YES	YES
ESC_OC5268AA_AS	YES	NO
ESC_OC5270AA_AS	YES	NO
ESC_OC5271AA_AS	YES	YES
ESC_OC5413AA_AS	YES	YES
ESC_OC5423AA_AS	YES	YES
ESC_OC5424AA_AS	YES	YES
ESC_OC5425AA_AS	YES	YES
ESC_OC5523AA_AS	YES	YES
ESC_OC5586AA_AS	YES	YES
ESC_OC5589AA_AS	YES	YES
ESC_OC5590AA_AS	YES	YES
ESC_OC6416AA_AS	YES	YES
ESC_OC6698AA_AS	YES	YES
ESC_OC6888AA_AS	YES	YES
ESC_OC6954AA_AS	YES	YES
ESC_OC6958AA_AS	YES	NO
ESC_OC7024AA_AS	YES	YES
ESC_OC7179AA_AS	YES	YES
ESC_OC7181AA_AS	YES	YES
ESC_OC7336AA_AS	YES	YES
ESC_OC7866AA_AS	NO	YES
ESC_OC8677AA_AS	NO	YES
ESC_OC8682AA_AS	NO	YES
ESC_OC8755AA_AS	YES	YES
ESC_OC8756AA_AS	YES	YES
ESC_OC8820AA_AS	NO	YES
ESC_OC8855AA_AS	NO	YES
ESC_OC8857AA_AS	NO	YES
ESC_OC8879AA_AS	NO	YES
ESC_OC8924AA_AS	NO	YES
ESC_PA7886AA_AS	YES	NO
ESC_PB2322AA_AS	NO	YES
ESC_PB2326AA_AS	NO	YES
ESC_PB2475AA_AS	NO	YES
ESC_PB2565AA_AS	NO	NO
ESC_PB2594AA_AS	NO	YES
ESC_PC0285AA_AS	YES	YES
ESC_PC0383AA_AS	YES	YES
ESC_PC0402AA_AS	YES	YES
ESC_PC0404AA_AS	YES	YES
ESC_PC1942AA_AS	YES	YES
ESC_PC1978AA_AS	YES	YES
ESC_PC2011AA_AS	YES	YES
ESC_PC2040AA_AS	YES	YES
ESC_PC2413AA_AS	YES	YES
ESC_PC2414AA_AS	YES	YES
ESC_PC4409AA_AS	YES	YES
ESC_PC4792AA_AS	YES	YES
ESC_PC4912AA_AS	NO	YES
ESC_PC4927AA_AS	YES	YES
ESC_PC5135AA_AS	YES	YES
ESC_PC5143AA_AS	YES	YES
ESC_PC5780AA_AS	YES	NO
ESC_PC5785AA_AS	YES	YES
ESC_PC5786AA_AS	YES	YES
ESC_PC5899AA_AS	YES	YES
ESC_PC5901AA_AS	YES	NO
ESC_PC5902AA_AS	YES	YES
ESC_PC5907AA_AS	YES	YES
ESC_PC5908AA_AS	YES	YES
ESC_PC5909AA_AS	YES	YES
ESC_PC5913AA_AS	YES	YES
ESC_PC5931AA_AS	YES	YES
ESC_PC5933AA_AS	YES	NO
ESC_PC5935AA_AS	YES	YES
ESC_PC5938AA_AS	YES	YES
ESC_PC5939AA_AS	YES	YES
ESC_PC5941AA_AS	YES	YES
ESC_PC5952AA_AS	YES	YES
ESC_PC6056AA_AS	YES	YES
ESC_PC6060AA_AS	YES	YES
ESC_PC6226AA_AS	YES	YES
ESC_PC6244AA_AS	YES	NO
ESC_PC6424AA_AS	YES	YES
ESC_PC6425AA_AS	YES	YES
ESC_PC6505AA_AS	YES	YES
ESC_PC6618AA_AS	YES	YES
ESC_PC7159AA_AS	YES	NO
ESC_PC7179AA_AS	YES	YES
ESC_PC7575AA_AS	YES	YES
ESC_PC7576AA_AS	YES	YES
ESC_PC7684AA_AS	YES	YES
ESC_PC7754AA_AS	YES	YES
ESC_PC8410AA_AS	YES	YES
ESC_PC8423AA_AS	YES	YES
ESC_PC8451AA_AS	NO	YES
ESC_PC8934AA_AS	YES	YES
ESC_PC8935AA_AS	YES	YES
ESC_PC9229AA_AS	NO	YES
ESC_PC9283AA_AS	NO	YES
ESC_PC9284AA_AS	NO	YES
ESC_PC9333AA_AS	NO	YES
ESC_PC9646AA_AS	YES	YES
ESC_PC9696AA_AS	YES	YES
ESC_PC9775AA_AS	YES	YES
ESC_PC9781AA_AS	YES	YES
ESC_PC9784AA_AS	YES	YES
ESC_PC9786AA_AS	YES	YES
ESC_PC9793AA_AS	YES	YES
ESC_PC9794AA_AS	YES	NO
ESC_PC9825AA_AS	YES	YES
ESC_PC9839AA_AS	YES	YES
ESC_QA4710AA_AS	NO	YES
ESC_QA4711AA_AS	NO	YES
ESC_QA5174AA_AS	NO	NO
ESC_QA9946AA_AS	NO	YES
ESC_QB0404AA_AS	YES	YES
ESC_QB2896AA_AS	YES	YES
ESC_QB3155AA_AS	YES	YES
ESC_QB3159AA_AS	NO	YES
ESC_QC0114AA_AS	YES	YES
ESC_QC0205AA_AS	YES	YES
ESC_QC0206AA_AS	YES	YES
ESC_QC0212AA_AS	YES	NO
ESC_QC0251AA_AS	YES	YES
ESC_QC0560AA_AS	YES	YES
ESC_QC0648AA_AS	YES	YES
ESC_QC2819AA_AS	YES	YES
ESC_QC3845AA_AS	NO	YES
ESC_QC3952AA_AS	YES	YES
ESC_QC4069AA_AS	YES	YES
ESC_QC4147AA_AS	YES	YES
ESC_QC4857AA_AS	YES	YES
ESC_QC6288AA_AS	YES	YES
ESC_QC6289AA_AS	YES	YES
ESC_QC7069AA_AS	YES	YES
ESC_QC7070AA_AS	YES	YES
ESC_QC7095AA_AS	YES	NO
ESC_QC7332AA_AS	NO	YES
ESC_QC7545AA_AS	NO	YES
ESC_QC9415AA_AS	YES	YES
ESC_QC9482AA_AS	YES	YES
ESC_QC9617AA_AS	YES	YES
ESC_RA0499AA_AS	NO	YES
ESC_RA0579AA_AS	NO	YES
ESC_RA0594AA_AS	NO	YES
ESC_RA0607AA_AS	NO	YES
ESC_RA0669AA_AS	NO	YES
ESC_RA0671AA_AS	NO	YES
ESC_RA0672AA_AS	NO	YES
ESC_RA0680AA_AS	NO	YES
ESC_RA0681AA_AS	NO	YES
ESC_RA0682AA_AS	NO	YES
ESC_RA0683AA_AS	NO	YES
ESC_RA0684AA_AS	NO	YES
ESC_RA1911AA_AS	NO	YES
ESC_RA3068AA_AS	NO	YES
ESC_RA3171AA_AS	YES	NO
ESC_RA3173AA_AS	YES	NO
ESC_RA3174AA_AS	YES	NO
ESC_RA3265AA_AS	YES	NO
ESC_RA3266AA_AS	YES	YES
ESC_RA3267AA_AS	YES	YES
ESC_RA3268AA_AS	NO	YES
ESC_RA3269AA_AS	YES	YES
ESC_RA3270AA_AS	YES	YES
ESC_RA4507AA_AS	YES	YES
ESC_RA4811AA_AS	NO	YES
ESC_RA6760AA_AS	NO	YES
ESC_RA8201AA_AS	NO	YES
ESC_RA8207AA_AS	NO	YES
ESC_RA8378AA_AS	NO	YES
ESC_RA8820AA_AS	YES	YES
ESC_RA8822AA_AS	YES	YES
ESC_RA9124AA_AS	NO	YES
ESC_RA9377AA_AS	YES	YES
ESC_RA9508AA_AS	NO	NO
ESC_RB3873AA_AS	YES	YES
ESC_RB3977AA_AS	YES	YES
ESC_RB3984AA_AS	YES	YES
ESC_RB8281AA_AS_NODE_101_length_9009_cov_2.778190	NO	NO
ESC_RB8281AA_AS_NODE_108_length_7993_cov_2.245997	NO	NO
ESC_RB8281AA_AS_NODE_114_length_7079_cov_5.130966	NO	NO
ESC_RB8281AA_AS_NODE_125_length_6389_cov_6.207150	NO	NO
ESC_RB8281AA_AS_NODE_155_length_4400_cov_10.838204	NO	NO
ESC_RB8281AA_AS_NODE_20_length_82516_cov_8.450390	NO	NO
ESC_RB8281AA_AS_NODE_222_length_2550_cov_10.393490	NO	NO
ESC_RB8281AA_AS_NODE_228_length_2373_cov_3.563111	NO	NO
ESC_RB8281AA_AS_NODE_238_length_2241_cov_13.366383	NO	YES
ESC_RB8281AA_AS_NODE_240_length_2218_cov_3.056802	NO	YES
ESC_RB8281AA_AS_NODE_263_length_1898_cov_2.520563	NO	NO
ESC_RB8281AA_AS_NODE_274_length_1800_cov_2.386404	NO	NO
ESC_RB8281AA_AS_NODE_281_length_1705_cov_2.568900	NO	NO
ESC_RB8281AA_AS_NODE_2_length_223058_cov_8.259789	NO	NO
ESC_RB8281AA_AS_NODE_33_length_55561_cov_7.341535	NO	NO
ESC_RB8281AA_AS_NODE_344_length_1106_cov_2.712106	NO	NO
ESC_RB8281AA_AS_NODE_477_length_567_cov_2.054054	NO	NO
ESC_RB8281AA_AS_NODE_8_length_120742_cov_7.346595	NO	NO
ESC_RB8282AA_AS	YES	YES
ESC_RB8301AA_AS	NO	YES
ESC_RB8746AA_AS	YES	YES
ESC_RB8792AA_AS	YES	YES
ESC_RB8793AA_AS	YES	YES
ESC_RB8794AA_AS	YES	YES
ESC_RB8800AA_AS	YES	YES
ESC_RB8801AA_AS	YES	YES
ESC_RB8804AA_AS	YES	YES
ESC_RB8809AA_AS	YES	YES
ESC_RB8821AA_AS	YES	YES
ESC_RB9910AA_AS	YES	YES
ESC_RB9911AA_AS	YES	YES
ESC_RC0056AA_AS	YES	YES
ESC_RC0371AA_AS	YES	YES
ESC_RC0450AA_AS	YES	YES
ESC_RC0469AA_AS	YES	YES
ESC_RC0498AA_AS	YES	YES
ESC_RC1358AA_AS	YES	YES
ESC_RC1442AA_AS	YES	YES
ESC_RC1883AA_AS	YES	YES
ESC_RC1885AA_AS	YES	YES
ESC_RC1927AA_AS	YES	YES
ESC_RC1932AA_AS	YES	YES
ESC_RC2298AA_AS	YES	YES
ESC_RC2342AA_AS	YES	YES
ESC_RC2510AA_AS	YES	YES
ESC_RC2511AA_AS	YES	YES
ESC_RC2512AA_AS	YES	YES
ESC_RC2696AA_AS	YES	YES
ESC_RC3405AA_AS	YES	YES
ESC_RC3441AA_AS	YES	YES
ESC_RC3446AA_AS	YES	YES
ESC_RC3447AA_AS	YES	YES
ESC_RC3449AA_AS	YES	YES
ESC_RC3457AA_AS	YES	YES
ESC_RC3714AA_AS	YES	YES
ESC_RC3719AA_AS	YES	YES
ESC_RC3747AA_AS	YES	YES
ESC_RC3810AA_AS	YES	NO
ESC_RC4432AA_AS	YES	YES
ESC_RC4433AA_AS	YES	YES
ESC_RC4437AA_AS	YES	YES
ESC_RC6276AA_AS	YES	YES
ESC_RC7528AA_AS	NO	YES
ESC_RC7883AA_AS	NO	YES
ESC_RC7974AA_AS	NO	YES
ESC_RC8191AA_AS	YES	YES
ESC_RC8224AA_AS	YES	YES
ESC_RC8266AA_AS	YES	YES
ESC_RC8278AA_AS	YES	NO
ESC_RC8315AA_AS	YES	YES
ESC_RC8319AA_AS	YES	YES
ESC_RC8784AA_AS	NO	YES
ESC_RC9291AA_AS	NO	YES
ESC_RC9688AA_AS	NO	YES
ESC_RC9689AA_AS	NO	YES
ESC_RC9693AA_AS	NO	YES
ESC_RC9694AA_AS	NO	YES
ESC_RC9697AA_AS	NO	YES
ESC_RC9698AA_AS	NO	YES
ESC_RC9700AA_AS	NO	YES
ESC_RC9701AA_AS	NO	YES
ESC_RC9703AA_AS	NO	YES
ESC_RC9704AA_AS	NO	YES
ESC_RC9706AA_AS	NO	YES
ESC_RC9708AA_AS	NO	YES
ESC_RC9757AA_AS	YES	YES
ESC_SA2354AA_AS	YES	NO
ESC_SA2555AA_AS	YES	NO
ESC_SA5406AA_AS	NO	NO
ESC_SA6255AA_AS	YES	YES
ESC_SA6256AA_AS	YES	YES
ESC_SA6258AA_AS	YES	YES
ESC_SA6354AA_AS	YES	YES
ESC_SA6355AA_AS	YES	YES
ESC_SA6358AA_AS	YES	YES
ESC_SA6359AA_AS	YES	NO
ESC_SA6363AA_AS	YES	YES
ESC_SA6385AA_AS	YES	YES
ESC_SA6450AA_AS	YES	NO
ESC_SA6452AA_AS	YES	YES
ESC_SA9339AA_AS	NO	YES
ESC_SB0865AA_AS	YES	YES
ESC_SB0867AA_AS	YES	YES
ESC_SB0868AA_AS	YES	YES
ESC_SB0869AA_AS	YES	YES
ESC_SB0872AA_AS	YES	YES
ESC_SB0873AA_AS	YES	YES
ESC_SC0691AA_AS	YES	YES
ESC_SC0692AA_AS	YES	YES
ESC_SC0840AA_AS	YES	YES
ESC_SC0844AA_AS	YES	YES
ESC_SC2138AA_AS	NO	YES
ESC_SC2148AA_AS	NO	NO
ESC_SC2168AA_AS	NO	YES
ESC_SC2284AA_AS	NO	YES
ESC_SC3758AA_AS	NO	YES
ESC_SC3760AA_AS	NO	YES
ESC_SC3817AA_AS	YES	YES
ESC_SC3822AA_AS	YES	YES
ESC_SC4162AA_AS	YES	YES
ESC_SC4354AA_AS	YES	YES
ESC_SC4377AA_AS	YES	YES
ESC_SC4378AA_AS	YES	YES
ESC_SC4420AA_AS	YES	YES
ESC_SC4421AA_AS	YES	YES
ESC_SC4422AA_AS	YES	YES
ESC_SC4424AA_AS	YES	YES
ESC_SC4428AA_AS	YES	YES
ESC_SC4429AA_AS	YES	YES
ESC_SC4430AA_AS	YES	YES
ESC_SC4445AA_AS	NO	YES
ESC_SC4509AA_AS	NO	YES
ESC_SC4542AA_AS	NO	YES
ESC_SC4793AA_AS	YES	YES
ESC_SC4950AA_AS	YES	YES
ESC_SC4981AA_AS	YES	YES
ESC_SC5093AA_AS	YES	YES
ESC_SC5103AA_AS	NO	YES
ESC_SC5106AA_AS	NO	YES
ESC_SC5108AA_AS	YES	YES
ESC_SC5109AA_AS	YES	YES
ESC_SC5113AA_AS	YES	YES
ESC_SC5114AA_AS	YES	YES
ESC_SC5115AA_AS	YES	YES
ESC_SC5118AA_AS	YES	YES
ESC_SC5123AA_AS	YES	YES
ESC_SC5125AA_AS	YES	YES
ESC_SC5126AA_AS	NO	YES
ESC_SC5127AA_AS	YES	YES
ESC_SC5132AA_AS	NO	YES
ESC_SC5133AA_AS	YES	YES
ESC_SC5134AA_AS	YES	YES
ESC_SC5142AA_AS	NO	YES
ESC_SC5143AA_AS	NO	YES
ESC_SC5145AA_AS	YES	YES
ESC_SC5146AA_AS	YES	YES
ESC_SC5151AA_AS	YES	YES
ESC_SC5152AA_AS	YES	YES
ESC_SC5154AA_AS	YES	YES
ESC_SC5160AA_AS	YES	YES
ESC_SC5161AA_AS	YES	YES
ESC_SC5174AA_AS	YES	YES
ESC_SC5714AA_AS	YES	YES
ESC_SC5716AA_AS	YES	YES
ESC_SC5722AA_AS	YES	YES
ESC_SC5724AA_AS	YES	NO
ESC_SC5940AA_AS	YES	YES
ESC_SC5967AA_AS	YES	YES
ESC_SC6061AA_AS	YES	YES
ESC_SC6070AA_AS	YES	YES
ESC_SC6074AA_AS	YES	YES
ESC_SC6236AA_AS	YES	YES
ESC_SC6528AA_AS	YES	YES
ESC_SC6570AA_AS	NO	YES
ESC_SC6591AA_AS	YES	YES
ESC_SC6611AA_AS	YES	YES
ESC_SC6621AA_AS	YES	YES
ESC_SC6624AA_AS	YES	NO
ESC_TA0434AA_AS	YES	YES
ESC_TA1493AA_AS	YES	YES
ESC_TA2105AA_AS	YES	YES
ESC_TA2108AA_AS	YES	YES
ESC_TA2109AA_AS	YES	YES
ESC_TA2111AA_AS	YES	YES
ESC_TA2200AA_AS	NO	YES
ESC_TA2214AA_AS	NO	NO
ESC_TA2377AA_AS	NO	YES
ESC_TA2394AA_AS	NO	YES
ESC_TA2862AA_AS	NO	YES
ESC_TA2933AA_AS	NO	YES
ESC_TA4196AA_AS	NO	YES
ESC_TA6862AA_AS	YES	YES
ESC_TA7111AA_AS	NO	NO
ESC_TA8331AA_AS	YES	YES
ESC_TA8341AA_AS	YES	YES
ESC_TA8342AA_AS	YES	YES
ESC_TA8345AA_AS	YES	NO
ESC_TA8360AA_AS	YES	YES
ESC_TB3850AA_AS	YES	YES
ESC_TB3853AA_AS	YES	YES
ESC_TB3857AA_AS	YES	YES
ESC_TB3888AA_AS	YES	YES
ESC_TB3890AA_AS	YES	NO
ESC_TB4037AA_AS	YES	YES
ESC_TB4063AA_AS	YES	YES
ESC_TB4064AA_AS	YES	YES
ESC_TB4078AA_AS	YES	YES
ESC_TB4087AA_AS	YES	YES
ESC_TB4088AA_AS	YES	YES
ESC_TB4090AA_AS	YES	YES
ESC_TB4097AA_AS	YES	YES
ESC_TB5803AA_AS	YES	NO
ESC_UA0266AA_AS	NO	NO
ESC_UA1272AA_AS	NO	YES
ESC_UA3516AA_AS	NO	YES
ESC_UA5387AA_AS	NO	YES
ESC_UA5515AA_AS	NO	YES
ESC_UA5523AA_AS	NO	YES
ESC_UA5739AA_AS	YES	YES
ESC_UA5740AA_AS	YES	YES
ESC_UA5992AA_AS	NO	YES
ESC_UA6147AA_AS	NO	NO
ESC_UA6148AA_AS	NO	NO
ESC_UA6180AA_AS	NO	YES
ESC_UA6369AA_AS	NO	NO
ESC_UA6678AA_AS	NO	YES
ESC_UA6991AA_AS	YES	YES
ESC_UB1016AA_AS	YES	YES
ESC_UB1017AA_AS	YES	YES
ESC_UB2470AA_AS	NO	YES
ESC_UB2516AA_AS	YES	YES
ESC_UB2526AA_AS	YES	NO
ESC_UB3833AA_AS	NO	YES
ESC_UB4111AA_AS	NO	YES
ESC_UB4121AA_AS	NO	YES
ESC_UB4126AA_AS	NO	YES
ESC_UB4709AA_AS	YES	NO
ESC_UB6611AA_AS	YES	YES
ESC_UB6618AA_AS	YES	NO
ESC_VA1994AA_AS	YES	YES
ESC_VA2013AA_AS	YES	YES
ESC_VA2041AA_AS	YES	YES
ESC_VA2223AA_AS	YES	YES
ESC_VA2236AA_AS	YES	NO
ESC_VA2241AA_AS	YES	YES
ESC_VA2263AA_AS	NO	YES
ESC_VA2267AA_AS	YES	YES
ESC_VA2268AA_AS	NO	YES
ESC_VA2270AA_AS	YES	YES
ESC_VA2299AA_AS	YES	YES
ESC_VA2359AA_AS	YES	YES
ESC_VA2362AA_AS	YES	YES
ESC_VA2364AA_AS	YES	YES
ESC_VA2366AA_AS	YES	YES
ESC_VA2781AA_AS	NO	NO
ESC_VA2798AA_AS	NO	YES
ESC_VA2989AA_AS	NO	YES
ESC_VA3326AA_AS	YES	YES
ESC_VA6203AA_AS	NO	NO
ESC_VA9460AA_AS	NO	YES
ESC_VB0005AA_AS	YES	NO
ESC_VB1381AA_AS	NO	YES
ESC_VB1702AA_AS	NO	YES
ESC_VB1727AA_AS	YES	YES
ESC_VB2175AA_AS	NO	YES
ESC_VB2368AA_AS	YES	YES
ESC_VB2485AA_AS	YES	YES
ESC_VB2487AA_AS	YES	YES
ESC_VB2545AA_AS	NO	YES
ESC_VB2646AA_AS	NO	YES
ESC_VB4822AA_AS	NO	YES
ESC_VB5557AA_AS	NO	NO
ESC_VB6211AA_AS	NO	YES
ESC_VB6212AA_AS	NO	YES
ESC_VB6221AA_AS	NO	YES
ESC_VB6226AA_AS	NO	YES
ESC_VB6738AA_AS	YES	YES
ESC_VB6764AA_AS	YES	YES
ESC_VB6778AA_AS	YES	YES
ESC_VB6822AA_AS	YES	YES
ESC_VB7255AA_AS	YES	NO
ESC_VB7632AA_AS	NO	NO
ESC_VB7697AA_AS	NO	YES
ESC_VB7714AA_AS	NO	YES
ESC_VB7715AA_AS	NO	YES
ESC_VB7730AA_AS	NO	YES
ESC_VB7734AA_AS	NO	YES
ESC_VB9454AA_AS	YES	YES
ESC_WA2531AA_AS	YES	NO
ESC_WA2563AA_AS	NO	NO
ESC_WA2582AA_AS	YES	YES
ESC_WA3366AA_AS	NO	YES
ESC_WA3725AA_AS	YES	YES
ESC_WA5570AA_AS	NO	YES
ESC_WA5573AA_AS	NO	YES
ESC_WA5581AA_AS	NO	YES
ESC_WA5588AA_AS	NO	YES
ESC_WA5790AA_AS	NO	YES
ESC_WA8399AA_AS	NO	YES
ESC_WA8458AA_AS	NO	YES
ESC_WA8504AA_AS	NO	YES
ESC_WA8506AA_AS	NO	YES
ESC_WB0134AA_AS	YES	YES
ESC_WB0135AA_AS	YES	YES
ESC_WB0203AA_AS	NO	YES
ESC_WB0205AA_AS	NO	YES
ESC_WB0207AA_AS	NO	YES
ESC_WB0215AA_AS	YES	YES
ESC_WB0216AA_AS	NO	NO
ESC_WB0217AA_AS	YES	YES
ESC_WB0218AA_AS	YES	YES
ESC_WB0219AA_AS	YES	YES
ESC_WB0227AA_AS	YES	YES
ESC_WB0231AA_AS	YES	YES
ESC_WB0232AA_AS	YES	YES
ESC_WB0234AA_AS	YES	YES
ESC_WB0235AA_AS	YES	YES
ESC_WB0236AA_AS	YES	YES
ESC_WB0237AA_AS	YES	YES
ESC_WB2146AA_AS	YES	YES
ESC_WB2157AA_AS	YES	YES
ESC_WB2365AA_AS	YES	YES
ESC_WB2440AA_AS	YES	YES
ESC_WB3891AA_AS	NO	YES
ESC_WB4906AA_AS	NO	YES
ESC_WB4964AA_AS	YES	YES
ESC_WB5911AA_AS	NO	NO
ESC_WB6440AA_AS	YES	YES
ESC_WB6446AA_AS	YES	YES
ESC_WB6448AA_AS	YES	YES
ESC_WB6450AA_AS	YES	YES
ESC_WB6457AA_AS	YES	YES
ESC_WB6518AA_AS	YES	YES
ESC_WB6529AA_AS	YES	YES
ESC_WB6530AA_AS	YES	YES
ESC_WB6671AA_AS	YES	YES
ESC_WB6672AA_AS	YES	YES
ESC_WB6811AA_AS	NO	YES
ESC_WB6812AA_AS	NO	YES
ESC_WB7277AA_AS	NO	YES
ESC_WB7279AA_AS	NO	YES
ESC_WB7479AA_AS	NO	YES
ESC_WB7491AA_AS	YES	YES
ESC_WB7492AA_AS	YES	NO
ESC_WB7496AA_AS	YES	YES
ESC_WB7498AA_AS	YES	NO
ESC_WB7529AA_AS	YES	YES
ESC_WB7541AA_AS	YES	YES
ESC_WB7544AA_AS	YES	YES
ESC_WB7547AA_AS	YES	YES
ESC_WB7549AA_AS	YES	YES
ESC_WB7553AA_AS	YES	YES
ESC_WB7566AA_AS	YES	NO
ESC_WB7577AA_AS	YES	YES
ESC_WB7581AA_AS	YES	YES
ESC_WB8052AA_AS	YES	YES
ESC_WB8059AA_AS	YES	YES
ESC_WB8064AA_AS	YES	YES
ESC_WB8091AA_AS	YES	YES
ESC_WB8100AA_AS	YES	YES
ESC_WB8113AA_AS	YES	YES
ESC_WB8119AA_AS	YES	YES
ESC_WB8160AA_AS	YES	YES
ESC_WB8162AA_AS	YES	YES
ESC_WB8190AA_AS	YES	YES
ESC_WB8195AA_AS	YES	YES
ESC_WB8208AA_AS	YES	YES
ESC_WB8212AA_AS	YES	YES
ESC_WB8909AA_AS	NO	YES
ESC_WB9128AA_AS	YES	YES
ESC_XA0523AA_AS	YES	YES
ESC_XA0574AA_AS	YES	YES
ESC_XA0581AA_AS	NO	YES
ESC_XA0590AA_AS	NO	YES
ESC_XA1980AA_AS	NO	YES
ESC_XA1997AA_AS	NO	YES
ESC_XA2011AA_AS	NO	YES
ESC_XA4769AA_AS	NO	YES
ESC_XA6456AA_AS	YES	YES
ESC_XA6495AA_AS	YES	YES
ESC_XB0827AA_AS	YES	YES
ESC_XB0828AA_AS	YES	YES
ESC_XB0829AA_AS	YES	YES
ESC_XB1480AA_AS	YES	YES
ESC_XB4413AA_AS	NO	NO
ESC_XB4535AA_AS	NO	YES
ESC_XB4542AA_AS	NO	YES
ESC_XB5242AA_AS	NO	NO
ESC_XB5384AA_AS	NO	NO
ESC_XB7032AA_AS	YES	YES
ESC_XB7033AA_AS	YES	YES
ESC_XB7035AA_AS	YES	YES
ESC_XB7042AA_AS	YES	YES
ESC_XB7053AA_AS	YES	YES
ESC_XB7055AA_AS	YES	YES
ESC_XB7059AA_AS_NODE_119_length_13526_cov_3.872828	NO	NO
ESC_XB7059AA_AS_NODE_129_length_11761_cov_7.207610	NO	NO
ESC_XB7059AA_AS_NODE_143_length_10253_cov_6.758536	YES	NO
ESC_XB7059AA_AS_NODE_148_length_9380_cov_2.574560	NO	NO
ESC_XB7059AA_AS_NODE_176_length_6584_cov_2.710131	NO	NO
ESC_XB7059AA_AS_NODE_183_length_6349_cov_81.281541	NO	NO
ESC_XB7059AA_AS_NODE_228_length_4351_cov_8.409026	NO	NO
ESC_XB7059AA_AS_NODE_23_length_44128_cov_4.647322	NO	NO
ESC_XB7059AA_AS_NODE_24_length_43878_cov_3.484632	NO	NO
ESC_XB7059AA_AS_NODE_284_length_2638_cov_4.361254	NO	YES
ESC_XB7059AA_AS_NODE_286_length_2597_cov_3.700161	NO	NO
ESC_XB7059AA_AS_NODE_295_length_2422_cov_6.043422	NO	YES
ESC_XB7059AA_AS_NODE_60_length_24527_cov_3.860292	NO	NO
ESC_XB9146AA_AS	YES	YES
ESC_XB9150AA_AS	YES	YES
ESC_YA1559AA_AS	NO	YES
ESC_YA1719AA_AS	NO	NO
ESC_YA2935AA_AS	NO	YES
ESC_YA3923AA_AS	NO	YES
ESC_YA5967AA_AS	NO	YES
ESC_YA6321AA_AS	NO	YES
ESC_YA6788AA_AS	NO	YES
ESC_YA6790AA_AS	NO	YES
ESC_YA6826AA_AS	NO	YES
ESC_YB1534AA_AS	YES	YES
ESC_YB1594AA_AS	YES	YES
ESC_YB1613AA_AS	YES	YES
ESC_YB1644AA_AS	YES	YES
ESC_YB1650AA_AS	YES	YES
ESC_YB1653AA_AS	YES	YES
ESC_YB1677AA_AS	YES	YES
ESC_YB1687AA_AS	YES	YES
ESC_YB1694AA_AS	YES	YES
ESC_YB1696AA_AS	YES	NO
ESC_YB1719AA_AS	YES	YES
ESC_YB1730AA_AS	YES	YES
ESC_YB1772AA_AS	NO	YES
ESC_YB1856AA_AS_NODE_101_length_3834_cov_9.934431	NO	NO
ESC_YB1856AA_AS_NODE_13_length_104809_cov_11.238777	NO	NO
ESC_YB1856AA_AS_NODE_20_length_75660_cov_11.572646	NO	NO
ESC_YB1856AA_AS_NODE_29_length_55242_cov_10.494046	NO	NO
ESC_YB1856AA_AS_NODE_2_length_230138_cov_8.997931	NO	NO
ESC_YB1856AA_AS_NODE_3_length_182590_cov_10.227478	NO	NO
ESC_YB1856AA_AS_NODE_71_length_11682_cov_23.336720	NO	YES
ESC_YB1856AA_AS_NODE_72_length_11662_cov_23.788961	YES	NO
ESC_YB1856AA_AS_NODE_89_length_7008_cov_11.159775	NO	NO
ESC_YB1856AA_AS_NODE_8_length_139380_cov_10.342229	NO	NO
ESC_YB1856AA_AS_NODE_90_length_6620_cov_7.060278	NO	NO
ESC_YB1856AA_AS_NODE_92_length_6227_cov_168.316396	NO	NO
ESC_YB1873AA_AS	YES	YES
ESC_YB1895AA_AS	YES	YES
ESC_YB1920AA_AS	YES	YES
ESC_YB2264AA_AS	NO	NO
ESC_YB2525AA_AS	NO	YES
ESC_YB4491AA_AS	YES	YES
ESC_YB4493AA_AS	YES	YES
ESC_YB4496AA_AS	YES	YES
ESC_YB4497AA_AS	YES	YES
ESC_ZA0994AA_AS	NO	YES
ESC_ZA1111AA_AS	NO	YES
ESC_ZA1138AA_AS	NO	YES
ESC_ZA2640AA_AS	NO	YES
ESC_ZA2802AA_AS	NO	YES
ESC_ZA4075AA_AS	NO	NO
ESC_ZA4145AA_AS	NO	NO
ESC_ZA6378AA_AS	NO	NO
ESC_ZA6395AA_AS	NO	NO
ESC_ZA6546AA_AS	YES	YES
ESC_ZA6572AA_AS	YES	YES
ESC_ZA6579AA_AS	YES	YES
ESC_ZB0101AA_AS	NO	YES
ESC_ZB1751AA_AS	YES	YES
ESC_ZB2540AA_AS	YES	YES
ESC_ZB5910AA_AS	YES	YES
ESC_ZB5911AA_AS	YES	YES
ESC_ZB5913AA_AS	YES	YES
ESC_ZB5916AA_AS	YES	YES
ESC_ZB6319AA_AS	YES	NO
ESC_ZB6320AA_AS	YES	YES
ESC_ZB6969AA_AS	NO	YES
ESC_ZB7328AA_AS	NO	NO
ESC_ZB7879AA_AS	NO	NO
ESC_ZB8141AA_AS	YES	YES
ESC_ZB8142AA_AS	YES	YES
ESC_ZB8587AA_AS	NO	NO
ESC_ZB8812AA_AS	NO	YES
ESC_ZB9384AA_AS	YES	YES
ESC_ZB9385AA_AS	YES	YES
ESC_ZB9386AA_AS	YES	YES
ESC_ZB9388AA_AS	YES	YES
ESC_ZB9409AA_AS	NO	YES
NODE_105_length_14188_cov_25.1073_ID_209	NO	NO
NODE_116_length_12485_cov_11.0122_ID_231	NO	NO
NODE_118_length_841_cov_16.7074_ID_235	NO	NO
NODE_11_length_139091_cov_14.923441	NO	NO
NODE_11_length_62116_cov_9.857276	NO	NO
NODE_122_length_11314_cov_11.8711_ID_243	NO	NO
NODE_12_length_61057_cov_7.694206	NO	NO
NODE_130_length_11228_cov_3.26259_ID_259	NO	NO
NODE_132_length_9934_cov_18.652_ID_263	NO	NO
NODE_133_length_9807_cov_10.7929_ID_265	NO	NO
NODE_13_length_69070_cov_9.29759_ID_25	NO	NO
NODE_143_length_9571_cov_9.400422	NO	NO
NODE_148_length_9851_cov_4.07212_ID_295	NO	NO
NODE_152_length_6905_cov_11.2864_ID_303	NO	NO
NODE_161_length_6055_cov_12.4914_ID_321	NO	NO
NODE_16_length_118120_cov_12.3919_ID_31	NO	NO
NODE_183_length_3826_cov_13.1138_ID_365	NO	NO
NODE_200_length_5158_cov_6.068025	NO	YES
NODE_201_length_6289_cov_5.59806_ID_401	NO	NO
NODE_22_length_83911_cov_15.113876	NO	NO
NODE_236_length_4553_cov_1.81586_ID_471	NO	NO
NODE_240_length_2801_cov_10.610741	NO	NO
NODE_25_length_59415_cov_5.18022_ID_49	NO	NO
NODE_25_length_71250_cov_12.4694_ID_49	NO	NO
NODE_28_length_55165_cov_12.4182_ID_55	NO	NO
NODE_28_length_56282_cov_7.85142_ID_55	NO	NO
NODE_2_length_109525_cov_8.470573	NO	NO
NODE_2_length_230865_cov_10.67_ID_3	NO	NO
NODE_2_length_268958_cov_8.10009_ID_3	NO	NO
NODE_2_length_402785_cov_7.92107_ID_3	NO	NO
NODE_300_length_2973_cov_2.0853_ID_599	NO	NO
NODE_323_length_1029_cov_7.127155	NO	NO
NODE_32_length_55454_cov_14.916677	NO	NO
NODE_336_length_942_cov_15.684899	NO	NO
NODE_40_length_34490_cov_14.816547	NO	NO
NODE_41_length_34493_cov_12.8667_ID_81	NO	NO
NODE_45_length_19458_cov_9.24462_ID_89	NO	NO
NODE_45_length_27009_cov_12.2624_ID_89	NO	NO
NODE_46_length_19604_cov_9.09014_ID_91	NO	NO
NODE_49_length_17203_cov_7.80098_ID_97	NO	NO
NODE_4_length_105760_cov_9.5191_ID_7	NO	NO
NODE_51_length_12741_cov_7.1708_ID_101	NO	NO
NODE_52_length_19382_cov_10.4212_ID_103	NO	NO
NODE_52_length_21349_cov_10.448308	NO	NO
NODE_55_length_17352_cov_15.711408	NO	YES
NODE_59_length_12811_cov_18.085935	NO	NO
NODE_59_length_9562_cov_8.80386_ID_117	NO	NO
NODE_5_length_222984_cov_14.966772	NO	NO
NODE_60_length_12583_cov_22.7099_ID_119	NO	NO
NODE_61_length_9873_cov_12.281_ID_121	NO	NO
NODE_64_length_6633_cov_10.426683	NO	NO
NODE_65_length_26568_cov_6.41731_ID_129	NO	NO
NODE_65_length_6278_cov_140.029_ID_129	NO	NO
NODE_65_length_8100_cov_7.80839_ID_129	NO	YES
NODE_67_length_6277_cov_26.9147_ID_133	NO	NO
NODE_68_length_5741_cov_11.3845_ID_135	NO	NO
NODE_68_length_6745_cov_7.94471_ID_135	NO	NO
NODE_69_length_4629_cov_7.08612_ID_137	NO	NO
NODE_69_length_5247_cov_6.88511_ID_137	NO	NO
NODE_69_length_6278_cov_104.477_ID_137	NO	NO
NODE_6_length_174607_cov_10.1487_ID_11	NO	NO
NODE_6_length_185269_cov_7.81509_ID_11	NO	NO
NODE_70_length_4892_cov_8.39211_ID_139	NO	YES
NODE_70_length_5587_cov_15.9111_ID_139	NO	NO
NODE_72_length_4236_cov_7.6137_ID_143	NO	YES
NODE_72_length_5118_cov_18.0403_ID_143	NO	YES
NODE_73_length_4382_cov_14.8244_ID_145	NO	NO
NODE_75_length_3857_cov_5.7362_ID_149	NO	NO
NODE_75_length_4583_cov_15.413_ID_149	NO	NO
NODE_77_length_20070_cov_10.804096	NO	NO
NODE_79_length_3952_cov_21.585_ID_157	NO	NO
NODE_7_length_160843_cov_10.3626_ID_13	NO	NO
NODE_7_length_184694_cov_8.8844_ID_13	NO	NO
NODE_81_length_19543_cov_9.560436	NO	NO
NODE_81_length_2754_cov_9.2656_ID_161	NO	NO
NODE_82_length_2778_cov_7.63332_ID_163	NO	NO
NODE_85_length_2340_cov_12.7543_ID_169	NO	YES
NODE_87_length_2478_cov_6.42821_ID_173	NO	NO
NODE_88_length_2363_cov_7.29464_ID_175	NO	YES
NODE_8_length_150906_cov_8.09092_ID_15	NO	NO
NODE_8_length_151823_cov_8.86057_ID_15	NO	NO
NODE_8_length_84857_cov_10.3708_ID_15	NO	NO
NODE_9_length_139333_cov_12.1457_ID_17	NO	NO
Reference	YES	YES
